-- phpMyAdmin SQL Dump
-- version 5.0.4
-- https://www.phpmyadmin.net/
--
-- Host: 127.0.0.1
-- Waktu pembuatan: 01 Apr 2021 pada 10.56
-- Versi server: 10.4.17-MariaDB
-- Versi PHP: 7.4.13

SET SQL_MODE = "NO_AUTO_VALUE_ON_ZERO";
START TRANSACTION;
SET time_zone = "+00:00";


/*!40101 SET @OLD_CHARACTER_SET_CLIENT=@@CHARACTER_SET_CLIENT */;
/*!40101 SET @OLD_CHARACTER_SET_RESULTS=@@CHARACTER_SET_RESULTS */;
/*!40101 SET @OLD_COLLATION_CONNECTION=@@COLLATION_CONNECTION */;
/*!40101 SET NAMES utf8mb4 */;

--
-- Database: `hallotutor`
--

-- --------------------------------------------------------

--
-- Struktur dari tabel `kategori`
--

CREATE TABLE `kategori` (
  `id` int(11) NOT NULL,
  `nama_kategori` varchar(255) NOT NULL
) ENGINE=InnoDB DEFAULT CHARSET=utf8mb4;

--
-- Dumping data untuk tabel `kategori`
--

INSERT INTO `kategori` (`id`, `nama_kategori`) VALUES
(1, 'Buku SBMPTN'),
(2, 'Makanan');

-- --------------------------------------------------------

--
-- Struktur dari tabel `pengumuman`
--

CREATE TABLE `pengumuman` (
  `id` int(11) NOT NULL,
  `pengumuman` text NOT NULL,
  `aktif` int(2) NOT NULL
) ENGINE=InnoDB DEFAULT CHARSET=latin1;

--
-- Dumping data untuk tabel `pengumuman`
--

INSERT INTO `pengumuman` (`id`, `pengumuman`, `aktif`) VALUES
(1, 'Hai Selamat mengerjakan Try Out', 0);

-- --------------------------------------------------------

--
-- Struktur dari tabel `produk`
--

CREATE TABLE `produk` (
  `id_produk` int(11) NOT NULL,
  `id_user` int(11) NOT NULL,
  `nama_produk` varchar(255) NOT NULL,
  `harga` double NOT NULL,
  `stok` int(255) NOT NULL,
  `keterangan` longtext NOT NULL,
  `id_kategori` int(11) NOT NULL,
  `gambar` varchar(255) NOT NULL,
  `aktif` int(11) NOT NULL,
  `date_created` int(255) NOT NULL,
  `date_updated` int(255) NOT NULL
) ENGINE=InnoDB DEFAULT CHARSET=utf8mb4;

--
-- Dumping data untuk tabel `produk`
--

INSERT INTO `produk` (`id_produk`, `id_user`, `nama_produk`, `harga`, `stok`, `keterangan`, `id_kategori`, `gambar`, `aktif`, `date_created`, `date_updated`) VALUES
(5, 18, 'Nasi Goreng', 12000, 1000, 'Spesial', 1, '20210112_173102.jpg', 1, 1617266567, 1617266567),
(6, 18, 'Kiat-Kiat SBMPTN 2021', 150000, 5, 'LOLOS PTN', 1, 'Feed_Simul_CPNS_News.jpg', 1, 1617267326, 1617267326);

-- --------------------------------------------------------

--
-- Struktur dari tabel `transaksi`
--

CREATE TABLE `transaksi` (
  `id_transaksi` int(11) NOT NULL,
  `id_pay` varchar(255) NOT NULL,
  `id_user` int(255) NOT NULL,
  `email` varchar(255) NOT NULL,
  `penggunaan` varchar(255) NOT NULL,
  `harga` varchar(255) NOT NULL,
  `jmlDaftar` int(11) NOT NULL,
  `token` int(11) NOT NULL,
  `date_created` int(255) NOT NULL,
  `date_late` int(255) NOT NULL,
  `date_verify` int(225) NOT NULL,
  `bukti` varchar(255) NOT NULL,
  `bukti_2` varchar(255) NOT NULL,
  `sesi` int(30) NOT NULL,
  `aktif` int(3) NOT NULL,
  `kelompok` int(11) NOT NULL,
  `payment_type` varchar(50) NOT NULL,
  `bank` varchar(255) NOT NULL,
  `va_number` varchar(255) NOT NULL,
  `pdf_url` varchar(255) NOT NULL
) ENGINE=InnoDB DEFAULT CHARSET=latin1;

--
-- Dumping data untuk tabel `transaksi`
--

INSERT INTO `transaksi` (`id_transaksi`, `id_pay`, `id_user`, `email`, `penggunaan`, `harga`, `jmlDaftar`, `token`, `date_created`, `date_late`, `date_verify`, `bukti`, `bukti_2`, `sesi`, `aktif`, `kelompok`, `payment_type`, `bank`, `va_number`, `pdf_url`) VALUES
(1, '1519532258', 19, 'sewazoomyuk@gmail.com', 'UTBK', '0', 0, 0, 1613473203, 1613288512, 0, '1b2ca367caa7eff8b45c09ec09b44c16-instagram-icon-logo-by-vexels2.png', '1b2ca367caa7eff8b45c09ec09b44c16-instagram-icon-logo-by-vexels3.png', 1, 1, 1, '', '', '', ''),
(9, 'MA490510175', 18, 'nico231737@gmail.com', 'TRY OUT SKD CPNS 01', '120000.00', 1, 1, 1616180308, 1616266708, 0, '', '', 1, 200, 1, 'gopay', '', '', ''),
(15, 'MA490510175', 35, 'esri250504@gmail.com', 'TRY OUT SKD CPNS 01', '120000.00', 1, 1, 1616263288, 1616263288, 1616263288, '', '', 1, 200, 1, 'gopay', '', '', ''),
(16, 'MA490510175', 36, 'm.zhafifalghazali@gmail.com', 'TRY OUT SKD CPNS 01', '120000.00', 1, 1, 1616263288, 1616263288, 1616263288, '', '', 1, 200, 1, 'gopay', '', '', ''),
(17, 'MA490510175', 41, 'sharondantje@gmail.com', 'TRY OUT SKD CPNS 01', '120000.00', 1, 1, 1616263288, 1616263288, 1616263288, '', '', 1, 200, 1, 'gopay', '', '', ''),
(18, '0', 18, 'nico231737@gmail.com', 'TRY OUT SKD CPNS', '0', 0, 0, 1617200493, 1617286893, 0, 'develop-a-wedding-planner-app-like-wedding-happy.jpg', '', 2, 1, 1, '', '', '', ''),
(19, '0', 18, 'nico231737@gmail.com', 'TRY OUT SKD CPNS', '0', 0, 0, 1617200884, 1617287284, 0, 'logo.png', '', 3, 1, 0, '', '', '', '');

-- --------------------------------------------------------

--
-- Struktur dari tabel `user`
--

CREATE TABLE `user` (
  `id` int(11) NOT NULL,
  `nama` varchar(100) NOT NULL,
  `email` varchar(128) NOT NULL,
  `image` varchar(225) NOT NULL,
  `password` varchar(256) NOT NULL,
  `role_id` int(11) NOT NULL,
  `is_active` int(1) NOT NULL,
  `date_created` int(11) NOT NULL,
  `asal_sekolah` varchar(255) NOT NULL,
  `instagram` varchar(255) NOT NULL,
  `kota` varchar(255) NOT NULL DEFAULT 'Belum Diisi',
  `no_tlpn` varchar(255) NOT NULL,
  `email_admin` varchar(255) DEFAULT NULL
) ENGINE=InnoDB DEFAULT CHARSET=utf8mb4;

--
-- Dumping data untuk tabel `user`
--

INSERT INTO `user` (`id`, `nama`, `email`, `image`, `password`, `role_id`, `is_active`, `date_created`, `asal_sekolah`, `instagram`, `kota`, `no_tlpn`, `email_admin`) VALUES
(1, 'MabaKampus', 'nico23@gmail.com', 'WhatsApp_Image_2020-02-12_at_11_20_36.jpeg', '$2y$10$Y4nmNFCwm61wdcE0K1.Jeunm5j9NgWTd.oh83kHfScbgXr9r10CBy', 1, 1, 1580561189, 'MabaKampus', '', 'Semarang', '082136822634', NULL),
(7, 'Nico F', 'nico@gmail.com', 'default.jpg', '$2y$10$XRXhkCb0u/Vulg5bvb5mTOmo.1uZ5a2SCQgejpYR6.8aZC55PYq9i', 2, 1, 1583689771, 'SMA N 9 SEMARANG', 'nicofrnds_37', 'Semarang', '082136822634', NULL),
(14, 'Yasmin Alviani S', 'yasmin.alviani.3116@gmail.com', 'default.jpg', '$2y$10$VsOaixyN5lm1e7HV4PI4lOOLbiH7vXUtmO/UDcM8Y5CuSQtHhdbUO', 1, 1, 1595141116, 'UNDIP - Ekonomi Islam', 'yasminalvn_', 'Semarang', '', 'yasmin@mabakampus.com'),
(15, 'Raras Muftining D', 'raraschoki144@gmail.com', 'raras.jpg', '$2y$10$RNT.2v6t/9GEwPWlXVVg/O1orxCMVrxmOuba31/qTx5O5PWmOhSIS', 1, 1, 1595141137, 'Universitas Dian Nuswantoro - D3 Teknik Informatika', '', 'Semarang', '', 'raras@mabakampus.com'),
(16, 'Risda Farika I', 'risda.farika@gmail.com', 'PicsArt_04-30-08_37_20.jpg', '$2y$10$b5iaWb7IUjaGXcm82koWM.BypBUkaEHwQcr0wq.z3T0h5a9JzSpke', 1, 1, 1595141164, 'UNDIP - Kesehatan Masyarakat', '', 'Semarang', '', 'risda@mabakampus.com'),
(17, 'M Bagus Chalil A', 'bagus.chalil@gmail.com', 'default.jpg', '$2y$10$TsX0Z8D4yMgxFP80lzLLH.Kx8GFD/Bz32p.nZxe.5t0j3w0P905ly', 1, 1, 1595141192, 'Universitas Dian Nuswantoro - D3 Teknik Informatika', '', '', '', 'bagus@mabakampus.com'),
(18, 'Nico Fernades', 'nico231737@gmail.com', 'WhatsApp_Image_2020-02-12_at_11_20_361.jpeg', '$2y$10$dLkL5P95xqYUM7PLIRY08.W.eLbpptcfqlqprDYFE/ptNlnVKeR9e', 1, 1, 1595141256, 'Universitas Dian Nuswantoro - D3 Teknik Informatika', 'nicofrnds_37', 'Semarang', '', 'nico@mabakampus.com'),
(19, 'Naila Putri F', 'sewazoomyuk@gmail.com', 'IMG-20180321-WA0046.jpg', '$2y$10$xOkPHX7v.hPIpISYJY5olOP8usWEQfXmPoX5S3/S.ZTEwqlaQm54a', 2, 1, 1597251099, 'SMA N 9 SEMARANG', 'rarastining', 'Semarang', '082136822634', NULL),
(22, 'Ferisa Salsabila', 'ferisasalsabilaputri@gmail.com', 'img1594476446884.jpg', '$2y$10$gWSpb2BjiW02ub2N7yopb.Ob6q6W1N1DiYqXFLOWWtQHPDvbI1u0m', 1, 1, 1599481474, 'Universitas Dian Nuswantoro - D3 Teknik Informatika', '', 'Semarang', '', 'ferisa@mabakampus.com'),
(23, 'Emmanuel didimus krestian', 'christianian52@gmail.com', 'default.jpg', '$2y$10$xmWCgbhVSghKFOlCDEG22OXjL1yLZ.cu18vgyi41eCd9nATNhihc2', 1, 1, 1599481833, 'Poloteknik Negeri Semarang - Teknik Elektro', '', 'Semarang', '', 'ian@mabakampus.com'),
(25, 'Mimin Uwuw', 'mabatutor@gmail.com', 'clipart2241512.png', '$2y$10$hKxYJJqQ4EAdf1uBKx4sW.lGQhEWA69xmsrbzwpYA1VWkJNh3Dsoq', 2, 1, 1600005883, 'SMA 9 MANA AJA', 'faizacre', 'Semarang', '082136822634', NULL),
(35, 'Elsa Ristaulina', 'esri250504@gmail.com', 'default.jpg', '$2y$10$qbPpgI/JofuRJU5Ksda.DO7DLAr9zWZuxzIKloraonYSf2ryUsCpO', 2, 1, 1600448936, 'SMKN 1 Serang', '', 'Serang', '', NULL),
(36, 'Ali Ghazali', 'm.zhafifalghazali@gmail.com', 'default.jpg', '$2y$10$Ndj3pLv6Szv9dLpILdlL3emjdUn1XxJkgLtr1Rcv4GMFq094kFx3y', 2, 0, 1600486962, 'Sman 10 Bandar Lampung', '', 'Bandar Lampung', '', NULL),
(37, 'Ali Ghazali', 'mzhafifghazalii05@yahoo.com', 'default.jpg', '$2y$10$8cHF6o88dYl4bb25aUFhEuhGq/0GXBAiKZDMUsj8.32c1f1XSQ.Cu', 2, 1, 1600487147, 'Sman 10 Bandar Lampung', '@daffaa689', 'Bandar Lampung', '085273871400', NULL),
(38, 'Syahnan', 'syahrulananta03@gmail.com', 'default.jpg', '$2y$10$BK1/jj/StHnIsj60HjGG7.U4I8/xF4rlnNs44Cl0J6jlxOVQNhMvC', 2, 1, 1600489851, 'SMK Negeri 7 Semarang', '', 'Semarang', '089509532323', NULL),
(39, 'Josephine', 'josephineabigael@gmail.com', 'default.jpg', '$2y$10$1.w4DdBq57/hrOgF6DN9x.cbeSGsXc3ldAFCExYLpW8QPiIetHQhO', 2, 1, 1600490049, 'sman 93 jakarta', '', 'jakarta', '', NULL),
(40, 'SAKUNTUM SARIHATI', 'sakuntum1sarihati@gmail.com', 'default.jpg', '$2y$10$j/4FA.vxtvnqPF0.MZfv/.Nu3I7YhEkOQVOntj7DRE2H9KV7drgce', 2, 1, 1600491140, 'SMAN 1 TAYU', 'Jasmine_tea3339', 'PATI', '082264590981', NULL),
(41, 'Sharon Putri Dantje', 'sharondantje@gmail.com', 'default.jpg', '$2y$10$KLvYBo2RGX10Crm4vlTYB.IYDNCyHYrAXTJVql4FLNZLfNfpFwT52', 2, 1, 1600492521, 'Sekolah Harapan Bangsa', '', 'Tangerang', '', NULL),
(42, 'Fitriya Rahmawati Dewi', 'fitriyarahma047@gmail.com', 'default.jpg', '$2y$10$oJpQNCGE6MyypNmWzu52GO8.gLKuFk4I/BE3ehhuj.B2NLmy1aTma', 2, 1, 1600492732, 'SMK NU Ma\'arif Kudus', '@fitriyarahmaa', 'Kudus', '089609896981', NULL),
(43, 'Silvalentin Vallerie', 'silvalentinvallerie@gmail.com', 'default.jpg', '$2y$10$mminzYTQ/RTLtSYoHRi8GO4Y1q6L6k470ZbQIwk1dFzKsbgK/iSju', 2, 1, 1600493279, 'SMAN 2 Bogor', '', 'Bogor', '', NULL),
(44, 'Maria Natalia Widyadhana', 'nataliawidyadhana28@gmail.com', 'default.jpg', '$2y$10$Kn84uYd2suqFL9IMrb5yZOmXdd4YjMM/QfzL3SpLbRlLHhxnHvjjO', 2, 1, 1600493363, 'Smak St.agnes', 'Widyaadh', 'Kota surabaya', '085549014475', NULL),
(45, 'Maria Natalia Widyadhana', 'marianataliawidya@gmail.com', 'default.jpg', '$2y$10$ZltBgugM99bZKXwOiqehk.RkVE/7wDCJbDj23GkS5.CPNp5a46dau', 2, 1, 1600493870, 'Smak St.Agnes', '', 'Kota surabaya', '', NULL),
(46, 'Faustina Natasha', 'natashaaudy22@gmail.com', 'inbound1972633699.jpg', '$2y$10$MB7A77h92jrro9xfF1yqguPI6Gm5EJO8dck9SfSPo26S.uBTV7/U2', 2, 1, 1600493940, 'SMAK santa Agnes', 'natashaanut', 'Surabaya', '081392495419', NULL),
(47, 'Faustina Natasha', 'natashaaudy20@gmail.com', 'WhatsApp_Image_2020-08-03_at_12_14_19.jpeg', '$2y$10$TAmjryIgh775CZ3gG78C5u7Ny5LBafozdKmuJecgjjRJ/SwQotsQu', 2, 1, 1600494060, 'SMAK santa Agnes', 'natashaanut', 'Surabaya', '081392495419', NULL),
(48, 'Triana Retno Sari', 'trianaretnosari12@gmail.com', 'default.jpg', '$2y$10$sxgGqgLWGzUWigOAtrBmL.4XO1dHAKoO1Ft535Uf6gY./4hoGcBu.', 2, 1, 1600497759, 'Man temanggung', 'Sedangtumbuh1', 'Temanggung', '085728526235', NULL),
(49, 'Susi ramadani', 'Susiramadani2003@gmail.com', 'default.jpg', '$2y$10$yOYQCsVre61CBv59moYf7exu7cqpCb7NYnXwnyK.ROTwe1Uc6MEsq', 2, 1, 1600499542, 'Sma negeri 4 bulukumba', '@susi_ramadaani', 'Bulukumba', '085756342152', NULL),
(50, 'Yesel', 'yesellrachel@gmail.com', 'default.jpg', '$2y$10$DPAUF.igVcOYZ9kldSXkIOpiUtfWm.iQg3VJ.u9JNPmlQ1UdFo2ce', 2, 1, 1600502958, 'SMA SANTO THOMAS', '', 'Medan', '', NULL),
(51, 'Andika Akbar', 'andika.akbar2700@gmail.com', 'default.jpg', '$2y$10$OsMIHuqJdvU7o.kj71eUi.D55VAhWGqLZy15dEZLw/sKp6S0AI32q', 2, 1, 1600506918, 'SMAN 2 Ngawi', 'Andka_87', 'Ngawi', '082230878778', NULL),
(52, 'Sissyana May Putri', 'di.syaaana@gmail.com', 'default.jpg', '$2y$10$VD.waTUKWVyPOuWUyEL4q.nC0.ajhw5urTIXIVh14NlXLF0PkoOai', 2, 1, 1600508885, 'SMAN 1 Cikarang Utara', '', 'Kabupaten Bekasi', '', NULL),
(53, 'Intan Laila Ramadhani', 'intanlailaramadhani@gmail.com', 'default.jpg', '$2y$10$UiLae2WC/bPL061hSSVgfuCmw15Rab.6yb/m.m1ZYeOrOCk5zzeo6', 2, 1, 1600516230, 'SMAN 14 SEMARANG', '', 'Semarang', '', NULL),
(54, 'Lilyana Fransiska Sinaga', 'lilyanasinaga1@gmail.com', 'default.jpg', '$2y$10$KE.OvHtAgl2rvcIYYTVpAOV79kx2IRkLSA.bIuniSnDMhprpRFk.G', 2, 1, 1600523989, 'SMA SWASTA KATOLIK SIBOLGA', 'lilyana_fksng', 'Kota Sibolga', '082374920497', NULL),
(55, 'Allayya Wahyu F', 'aillayawahyufitriati@gmail.com', 'default.jpg', '$2y$10$2sBdpaM3/N.yakW0T6PD8OBnhFu/qYAuxTvscT8g3qoB2V.6Li4XO', 2, 1, 1600527132, 'SMA N 1 Temanggung', '@biiiii_3', 'Temanggung', '081568217352', NULL),
(56, 'HENDRIANSYAH', 'warriorhendri@gmail.com', 'default.jpg', '$2y$10$Rr2PJYr6w3C38mGatLL57.YnILN6WGk0UPMryqbQxHpnPRgy8UDCS', 2, 1, 1600528175, 'SMA SEMARANG', '', 'Semarang', '', NULL),
(57, 'Nofita', 'nofitas191@gmail.com', 'default.jpg', '$2y$10$qeBSxItBctY7kkHqsrZHhOqk8XTc.8grTfGUoHUljRv.DVkZlKCLS', 2, 1, 1600561233, 'Smaga', '', 'Sukoharjo', '', NULL),
(58, 'Sofia Annisa Levinawati', 'levinawatisofia@gmail.com', 'default.jpg', '$2y$10$KKPX47YSSE1pGr2gAhqiM.z7QpSe0iwQJR59c.8XTuOUZYhTJduvK', 2, 1, 1600568784, 'MAN 2 YOGYAKARTA', '@sofiannisal', 'Yogyakarta', '088232302292', NULL),
(59, 'hanamufidah', 'hanaamufidah2@gmail.com', 'default.jpg', '$2y$10$wEixMKzlcBgHk04MiQ9v1uJ4ihUjo6X4XlRXtsw0GQSmyW/duu9/C', 2, 1, 1600574786, 'SMAN 1', '', 'DIY', '', NULL),
(60, 'eza', 'ezayuda2001@gmail.com', 'default.jpg', '$2y$10$BA9CrrQjE30jqPp7nLxyZO3Z4xltdmP5FGIrvcReqx.t9zTS8MM9e', 2, 1, 1600579359, 'sman 1', '', 'Sleman', '', NULL),
(61, 'Anneliese Valerie Ong', 'anneliesevalerieong@gmail.com', 'default.jpg', '$2y$10$jI8yBve4sX4o.X7B3l8yCOXsV2T7.zirM2qk0YexJfaXv3Emivg6e', 2, 1, 1600581183, 'SMAS Methodist-3', '', 'Medan', '', NULL),
(62, 'Gratia Tangkilisan', 'gratiatangkiliaan05@gmail.com', 'default.jpg', '$2y$10$huzbOe9q0LdALYZAOWGvROF5sivn7PMHCF7899bwMpclu7y7AcH9q', 2, 1, 1600586174, 'SMA N 1 MOTOLING TIMUR', '', 'Manado', '', NULL),
(63, 'Amelia Patricia', 'gajahbersin02@gmail.com', 'BLUQ1570.JPEG', '$2y$10$iQzaUD3sEbIrhNORVqFXhOs5zPMlNU5cWqsVJoU07yJe9gqyIZ5CS', 2, 1, 1600594229, 'SMAK St Agnes', 'mellpee_', 'Kota Surabaya', '0895338307667', NULL),
(64, 'Della Febriana', 'febrianadella7@gmail.com', 'PhotoGrid_1586961730797.jpg', '$2y$10$7LTYJYxVIfVewaO5wyu9vuELkWrR.EQsFz7Qy9IxRlvktfl4GqVRa', 2, 1, 1600595284, 'SMAN 1 Mertoyudan', '@cherryyerim_', 'Kabupaten Magelang', '081227709466', NULL),
(65, 'Rahil Al Mutaali', 'rahilam1202@gmail.com', 'unnamed.png', '$2y$10$gww0cKuKPdbaGDsjG3Kd0ODt4SW4uLVZ9g269lqFl0OBFBhc6qp1e', 2, 1, 1600607307, 'SMAN 2 GARUT', '@byhil__', 'Garut', '', NULL),
(66, 'Shinta keyla anya s', 'Keylakembar@gmail.con', 'default.jpg', '$2y$10$0EENSVLZhbycXpEUMEp9hu0yxkAEmuCVER5ZMjsAMlneR3Vinit.m', 2, 1, 1600609053, 'Sman 15 semarang', '', 'Semarang', '', NULL),
(67, 'Mila Octaviana Sari', 'miellaocviana@gmail.com', 'default.jpg', '$2y$10$oZF8cFa.c5vhIydHIw20TOzamnBqIItHGhwbZgz2c1V82EOF0AwGK', 2, 1, 1600639152, 'Ma. Maslakul huda', '', 'lamongan', '', NULL),
(68, 'Habiburrohman', 'www.habiburrohman000@gmail.com', 'default.jpg', '$2y$10$XiCy3msjFhEN2EiVskrxzO1K12q2oJE6JwJcpCTrfKypP.evR8ynm', 2, 1, 1600640275, 'MA Maslakul Huda Lamongan', '@habibshirazy', 'Lamongan', '082141251012', NULL),
(69, 'Fitrohtul Amaliah', 'fitrohtulamaliah620@gmail.com', 'default.jpg', '$2y$10$U6yl/ej8jzCE3t4cPfLEAulBPosGeTG6k7mdc43tNEFyT1aIs5zWe', 2, 1, 1600649949, 'MA Maslakhul Huda', '', 'Lamongan', '', NULL),
(70, 'Herlina Aprilia', 'hrlna218470@gmail.com', 'default.jpg', '$2y$10$yK6RVaIcg6ORaTK6NxuwYOeEhs.a6GfJwP4pOU9n7bRjy4bOiCqiO', 2, 1, 1600650015, 'MAS Maslakul Huda', '', 'Lamongan', '', NULL),
(71, 'Tasya', 'tasyadamez36@gmail.com', '1573051093187.jpg', '$2y$10$UBNtrUnGCBrBtjdZWqn5EeX3J6npVzGg2R1MPvCfMnyysZnNRROoq', 2, 1, 1600651423, 'SMA St Thomas 1 Medan', 'kacungcrot', 'Medan', '085835542952', NULL),
(72, 'CHARLA GUTRI SANTIKA', 'gutricharla@gmail.com', 'default.jpg', '$2y$10$u1yyAUjj8M3dQsna76rrauhB309aZEsv4vcRvSgLH76t6rXgUT44G', 2, 1, 1600658750, 'SMA Muhammadiyah 1 Kotaagung', 'chrlagtrisntka', 'Waypanas', '085377625600', NULL),
(73, 'Melinda Arinaningtyas', 'melindaarinaningtyas39@gmail.com', 'default.jpg', '$2y$10$0dmHHePAMlMPbGHk2tuljujGdHhBH9lbcVoERVwfLrfgvl53XFG4S', 2, 1, 1600658962, 'SMAN 1 Glagah', '@rinaahye', 'Banyuwangi', '085604818034', NULL),
(74, 'Cornellia', 'cornelliaanastasiajunita@gmail.com', 'default.jpg', '$2y$10$nQw29bTBWzRZslSbaX0IZ.rpOXfmAP3sMwAhWdGwOD1ExPW8oGX6q', 2, 1, 1600660033, 'SMA', '', 'Jakarta', '', NULL),
(75, 'I Ketut Okta Setiawan', 'iketutoktasetiawan002@gmail.com', 'default.jpg', '$2y$10$Ku1wjdhl17lQQyB4kcxuXOPusf9BfjotrcmqkH00.FHTY8lkSraSe', 2, 1, 1600661472, 'Universitas Sriwijaya', 'okta__setiawan ', 'Palembang', '081266940311', NULL),
(76, 'Raynaldi Ilham Nanda Nur Pratama', 'raynaldikirito@gmail.com', '51fb35c215aec050b18d4002693e8e80.jpg', '$2y$10$HBx.ZqkqxHdK8sLnHTt6G.olw7w8cPjzBM0WibEvKA6YKUWyMC7nG', 2, 1, 1600664689, 'SMAN 1 Kabupaten Tangerang', 'raynaldiilham', 'Kab. Tangerang', '081287337047', NULL),
(77, 'Syahrul Aldi', 'syahrulaldi23@gmail.com', 'default.jpg', '$2y$10$txKUbxPJ4YkJNwAY5SMGSuojBzZXnnvyFxFQ4C1/fnHAj7qM5HhnG', 2, 1, 1600665138, 'SMK N 7 Semarang', '', 'Semarang', '', NULL),
(78, 'Shinta Keyla Shinta Keyla Anya S', 'Keylakembar@gmail.com', 'default.jpg', '$2y$10$BBn8PQB/TaX2gyVpfGE3x.OsjOztCLP.1MGPfRvOallDM/REKFDLu', 2, 1, 1600665778, 'Sman 15 semarang', '', 'Semarang', '', NULL),
(79, 'Afifa Rahmadinda', 'afifarahma12@gmail.com', 'inbound5185715194575163543.jpg', '$2y$10$WNYCaSXjuYNhZpMjpQNSuOlxlh5Az1ARiBq0nosHfPLCRUyHFn01e', 2, 1, 1600666381, 'SMAS Bina Pendidikan', '@afifa_rahma30', 'Kabupaten Bekasi', '0895610390185', NULL),
(80, 'Hana Fuadi Hima', 'hanafuadihimaa@gmail.com', 'default.jpg', '$2y$10$ZxYJLOoLBn56adZePTurWOVI0UYJi3c7u4USqRp57XV9nFvMtmRbu', 2, 1, 1600685750, 'SMAN 1 Sukaresmi', '', 'Cianjur', '', NULL),
(81, 'Nela sant', 'nelaw15santoso@gmail.com', 'Screenshot_20200921_175157.jpg', '$2y$10$4eF1wXIkGdsXzvtWTimqQearqtyMKdUCEe9S23.GVxx7k0vFs3w7W', 2, 1, 1600685949, 'SMA KRISTEN PETRA 3', 'nela.santoso', 'SURABAYA', '085730882310', NULL),
(82, 'Febrina M Lumban Gaol', 'lbngaolfebrina@gmail.com', '20200611_081935.jpg', '$2y$10$zxY4vrdmrNxcS.SMKrb8Ju23mCVe2d6v/LH6zkFrFkez/XQMq1xMe', 2, 1, 1600693472, 'SMAN 1 LINTONGNIHUTA', '@febrina_252', 'HUMBSNG HASUNDUTAN', '082276196243', NULL),
(83, 'Eyda', 'eydafrds@gmail.com', 'default.jpg', '$2y$10$l.qnXK/CGFImusMzKns7I.Kh2otPgDjd/.FkvWRPSfD6GIF.VeJae', 2, 1, 1600705544, 'MAN 1 YOGYAKARTA', '', 'Sragen', '', NULL),
(84, 'Nanisa Dewicinta Hadua', 'Cintaa.h2@gmail.com', 'default.jpg', '$2y$10$hI9YER5zIrfv2eOV8HGOmupFZl7zWn6S4YpzfTkP3r8/8UjSsL4KO', 2, 1, 1600733915, 'SMA 2 KUDUS', '', 'Kudus, Jawa Tengah', '', NULL),
(85, 'Muhammad Hikmatiar', 'abslthnspr@gmail.com', 'default.jpg', '$2y$10$5VMxGU7x.UJvEyvcM0zrB.6BaIdr9c2YcoIE6zm4gsJUZXMK.LO0C', 2, 1, 1600734654, 'SMA 9', '', 'Semarang', '', NULL),
(86, 'Asthifa Munayah Ruwaida La Ali', 'atyfamunaya@gmail.com', 'default.jpg', '$2y$10$m9b9IhWli8u59ZyMmp4wpuzuXoH.A3J4/tagTalUXYspvMjwLpLqW', 2, 1, 1600741530, 'SMA Negeri 1 Kaimana', 'stfal__', 'Kaimana', '081344917276', NULL),
(87, 'Joharah', 'jojoharahah@gmail.com', 'default.jpg', '$2y$10$oIG0oNeTRrj.PbtDvow/X.wvZM5CeCBDe1ZJmrETwRbpDgoRiWzJK', 2, 1, 1600749787, 'Smk Kosgoro', '', 'Bogor', '', NULL),
(88, 'Sherine Desya', 'desyadesyasaa@gmail.com', 'default.jpg', '$2y$10$62.8t6Mmc5zhiDLtk9tycuiQ8IgajI6QV1njdqbcCO.F5u1OA.cpO', 2, 1, 1600751257, 'SMA 2 Pati', '', 'Pati', '0895370684839', NULL),
(89, 'Wahyu Dwi Ramadhan', 'wahyu_dr71@yahoo.com', 'default.jpg', '$2y$10$nwv7N6VtDZSwsluqfs1vneNdmKy3iJeABGHNdzNXl4cLMLMCWncZq', 2, 1, 1600756882, 'SMAN 1 Pecangaan', '', 'JEPARA', '', NULL),
(90, 'Rosyida Chusdanar Nopramadani', 'rosyidachusdanar@gmail.com', 'default.jpg', '$2y$10$7I8X80RYU83cF00MEZy9yu4Edrio6C1phKh9YijeAIItDXSs3d1S.', 2, 1, 1600779401, 'SMAN 3 Malang', '@nopramadani', 'Malang', '081233993791 ', NULL),
(91, 'Rizki Nurhasanah', 'rizkinurhasanah1562@gmail.com', 'default.jpg', '$2y$10$hBaxOrFNlibjbHZcgZGJUOxmcLBYZPZnMEDNLehNU5wuFNDWl05VK', 2, 1, 1600794916, 'SMAN 1 Tasikmalaya', '', 'Tasikmalaya', '', NULL),
(92, 'Nadia Khairotun Nikmah', 'nadiakhairotun@gmail.com', 'IMG-20200108-WA0015.jpg', '$2y$10$WOaqJ78ZyxrYCM2/lijslOJPtN0904QD/LpT5EM1ncNPq3Nif09TC', 2, 1, 1600817670, 'SMK Analis Kesehatan jember', '', 'JEMBER', '', NULL),
(93, 'Maulia Rachma Khasanah', 'mauliarahma77@gmail.com', 'default.jpg', '$2y$10$8Slwb5yz0ke1GeeIznim9elTgztO4c.N7XWTaiy/QMXZ6pgEWzCiW', 2, 1, 1600852933, 'MAN 1 Yogyakarta', 'rachmamaulia', 'Yogyakarta', '085156037217', NULL),
(94, 'Hanif Fikri', 'hfa88905@gmail.com', 'default.jpg', '$2y$10$Cqu8MbnpvAmOY2pPW0/2DeZDEZNL4bmL4HhyGO1cmvPTG72FGVj1a', 2, 1, 1600854283, 'Man 1 Yogyakarta', 'haniffikrii_', 'Sleman', '089659544774', NULL),
(95, 'Kelvin AW', 'kelvinawow11@gmail.com', 'default.jpg', '$2y$10$T345A.C0nEtB74ibbNblnOpFkCVKg98m3.PpwWUMpf2cyNn2f0uwG', 2, 1, 1600860899, 'SMA PETRA 3', '', 'Surabaya', '', NULL),
(96, 'FITRI ZELFIANI', 'faranissacallista@gmail.com', 'default.jpg', '$2y$10$lQegUHqZicv.M8kVZ28xouGalQFHecnfEhBrBihTM4BIMHKHyinDC', 2, 1, 1600906362, 'MAN 3 SLEMAN', 'ftr_zln', 'DI. YOGYAKARTA', '082246601771', NULL),
(97, 'sitomatlucu', 'soetionostefani17@gmail.com', 'default.jpg', '$2y$10$L/Iqa1pkzevpJ/gsFfFbgufXcISq93mP7.9OD4lHHH1htymbkM0Gq', 2, 1, 1600963689, 'SMA Kristen Petra 3 Surabaya', '', 'Surabaya', '', NULL),
(98, 'Ahmad Raihan Alfaruqie', 'raihanalfq@gmail.com', 'default.jpg', '$2y$10$OQnHovsDMQAX3sITaaZQpe3O/baf2yare7hVDK65vfw3MVM3Wx6RS', 2, 1, 1600963733, 'SMAN 38 JAKARTA', '', 'Jakarta', '', NULL),
(99, 'Farisa khoirunnisa', 'farisakhoirunnisa@gmail.com', 'default.jpg', '$2y$10$ONhi1rFztmmf6NbUaVvvheuM3pu8UWCeiGGZwMzFfAeUafaOsjoyK', 2, 1, 1601015380, 'SMAN 1 TEMANGGUNG', '@farisakhoirunnisa__', 'Temanggung', '085292586254', NULL),
(100, 'Meutia Aulya', 'mutiaaulya5@gmail.com', 'default.jpg', '$2y$10$Zz2dty4Ot/3KCA0QfVaCn.kq7Cb.lvg/orl.ME99nFFl0weChaO8O', 2, 1, 1601017185, 'SMAN 1 Purworejo', '', 'PURWOREJO', '', NULL),
(101, 'Shabrina Belva Yannora', 'shabrinabelva@gmail.com', 'default.jpg', '$2y$10$1siz6HlIM9/8FhCs9x1mYuU6Jd0hERVXR9ERdM6hb5V.tW02MFtuG', 2, 1, 1601023337, 'SMAN 15 Surabaya', 'shabrinabelvaa', 'Surabaya', '081331877675', NULL),
(102, 'Azridha', 'dhaza00@gmail.com', 'inbound1017158437.jpg', '$2y$10$7Nvz8QS.R6k3det1A.A70.jcPPq9shD7/qNkG3RzpD7vn94KaxZyC', 2, 1, 1601037297, 'Sma 2', 'dha_zr', 'Pati', '085280337704', NULL),
(103, 'Fathika Fadhiella Anhar', 'fathikanhr@gmail.com', 'default.jpg', '$2y$10$YU/35jFw2DBP4eGZ0YG4PewzkUzcDkVsMFJIOkUs2tQrAnPO8Dtmi', 2, 1, 1601040534, 'SMA Negeri 1 Purworejo', '', 'Purworejo', '', NULL),
(104, 'Muhammad Arsyad Rifai', 'faiarsyad5@gmail.com', 'default.jpg', '$2y$10$877WmxQ/ibr4lgn/AX2Rl.Yt2xzV5BM0nw/ecLpzzhbgDhJ1uVup.', 2, 1, 1601043400, 'MAN 2 Yogyakarta', '@rifaisnn', 'Kota Yogyakarta', '0895379132848', NULL),
(105, 'Jelita Siregar', 'jelitasiregar7@gmail.com', 'IMG_20200826_114244_009.jpg', '$2y$10$p8EmNV.Ui6N1gMbvuj72Q.Rc0D8AbnuWIqh.CjGGGvYguU7f3NxLy', 2, 1, 1601133460, 'SMA N 1 TANAH JAWA', 'jelita.siregar.562', 'Pematang Siantar', '082361629769', NULL),
(106, 'Richan Oktavia Br Sihombing', 'richansihombing31@gmail.com', 'default.jpg', '$2y$10$r5dBxf/bObAwc84XqvNpN.9kVS9pdBrxiPkIRmuGRx9WLpHf8BXzm', 2, 1, 1601180548, 'SMAN 1 Lintongnihuta', 'Richan_shbg', 'Humbang Hasundutan', '085767770346', NULL),
(107, 'Nadia', 'nadiamutiaraz260@gmail.com', 'default.jpg', '$2y$10$o4VcGUyBEDi2rS4MEGvjrOCWNeadpsoicG2ejPUsP3iS0efsEhxF2', 2, 1, 1601213290, 'SMAIT Raflesia', '', 'Depok', '', NULL),
(108, 'Afif irsad', 'afifirsadn11@gmail.com', 'default.jpg', '$2y$10$nazFAhoNryeVuPZabQM6luoPhWvRMjTxoQGMPF3THzAFS6/LGyoQi', 2, 1, 1601217859, 'SMAN 8 Tambun selatan', '', 'Bekasi', '', NULL),
(109, 'Hasna Nur Mu\'izzah', 'hasnanm210503@gmail.com', 'default.jpg', '$2y$10$TqKXLKbgIVY0RTkp.7qjPeihgIE/TT.ZV3Lf7HFVWtGA3pRT7plzC', 2, 1, 1601218403, 'MA Mu\'allimat NU Kudus', '', 'Kudus', '', NULL),
(110, 'Muhammad Amri Dezza Muzzabir', 'amrideza29@gmail.com', 'default.jpg', '$2y$10$5d143u8h5F/OKfkRGq4s7uUwo7GeqK0h5fh5gU1r0ao.VWk3xNq3y', 2, 1, 1601218425, 'SMA NEGRI 8 TAMBUN SELATAN', '', 'Bekasi', '', NULL),
(111, 'Setia Purwati', 'setiapurwati10akl2@gmail.com', 'default.jpg', '$2y$10$gBkbT7rI0gEa5mktwuYKjef0urn9ncmVZ5lmMJmjUqhOKPGKcBpsm', 2, 1, 1601218702, 'SMKN 1 Sukoharjo', '', 'Sukoharjo', '083842156233', NULL),
(112, 'Bryan ogya Kusuma', 'bryanogya@gmail.com', 'default.jpg', '$2y$10$8uMLdR.fMn4VlWs1Q37DxeD6AqgJeL/toYkln65iRP75qEVLTkn3O', 2, 1, 1601220754, 'SMA Sulthon Aulia Boarding School', '', 'Lamongan', '', NULL),
(113, 'SHEREN SUGIHTO', 'sherensugihto@gmail.com', 'default.jpg', '$2y$10$WsuvksgO1hX3vWGyQ0pGbeHFJkkPxYSTblWF6O7Q4LOOmxoHatIuy', 2, 1, 1601223827, 'SMAK 3 BPK PENABUR BANDUNG', '', 'Bandung', '', NULL),
(114, 'Refin AdiPutra', 'refinadiputra55@gmail.cok', 'default.jpg', '$2y$10$tgXR9pDoq4eYfpo6pe.4NeuWpvcAiI.l2cefPxp1ITyxF6DqkLrO6', 2, 1, 1601251342, 'SMA FAJRUL ISLAM JAKARTA', '', 'Jakarta Barat', '', NULL),
(115, 'Refin AdiPutra', 'refinadiputra55@gmail.com', 'default.jpg', '$2y$10$tuwdTVL1i8IJxOPfisVcA.9.VONfi3aRac1Qsn.WX3QiewGXCOluS', 2, 1, 1601251493, 'SMA FAJRUL ISLAM JAKARTA', 'It_smemelvin', 'Jakarta Barat', '085781016231', NULL),
(116, 'Aisa Senta Mawarda', 'aisasenta11@gmail.com', 'default.jpg', '$2y$10$mslD3bQfZM6Pi2meIxSDfuZ2xmm51VzaU6Ho0q8vqFfZIJAk0NMNG', 2, 1, 1601302591, 'SMK Negeri 9', '', 'Semarang', '', NULL),
(117, 'Sara Theresia', 'saratheresya99@gmail.com', 'default.jpg', '$2y$10$sI0fcjbRK2qhODXb.oFR1.v2breZi/pp16E/sww9Cq7dkHwJ17HpK', 2, 1, 1601468591, 'SMAS HKBP 1 TARUTUNG', 'Sara Theresia', 'Pangaribuan', '081264795346', NULL),
(123, 'lalaCoba', 'lala@lala.com', 'default.jpg', '$2y$10$Aj1SHuBwfUNAAR1JLnB86.qZdnOB4eiFD9jzoqFGx6rq9HMm/i5fi', 2, 1, 0, 'lalala', '', 'lala', '', NULL),
(124, 'Angelyta', 'angelyta.dshintarie@gmail.com', 'default.jpg', '$2y$10$bvti5c9LfPXukfAcDP4gFuYw4ztGAzYQKYfP2FQvKJ9nWSYvhyKmq', 2, 1, 1601780807, 'SMAN 1 MAJALAYA KARAWANG', '', 'KARAWANG', '', NULL),
(125, 'Dhea Rahma Pangastuti', 'rdea86268@gmail.com', 'default.jpg', '$2y$10$LUNU65t/xj6fECWoPRlR4eqOfom/UYgCQq6kon4zT8rnptVbQNbAq', 2, 1, 1601795964, 'SMKN 1 Pogalan', '', 'Trenggalek', '', NULL),
(126, 'Iqbal hasyim', 'ihasyim02@gmail.com', 'default.jpg', '$2y$10$R.DfbWRn/tFgtdJ7e4RN/.nNbIPKA6BcjrKxUDp61p6XwQCdcR24K', 2, 1, 1602048216, 'MA Al Hamidiyah', '', 'Depok', '', NULL),
(127, 'Winonasilvy', 'winonasilvy26@gmail.com', 'default.jpg', '$2y$10$oFqbqxodnZ8.M5DFyvWXGOKY.U8dyJI9iQtPGIv.DvEEetf9.4utm', 2, 1, 1602052220, 'SMA N 02 MANDAU', '', 'RIAU', '', NULL),
(128, 'Fathurrahman', 'Fathur.gm01@gmail.com', '67156F3A-48D6-4048-83DD-EB6A0605DC82.jpeg', '$2y$10$FbbINk4gypjTcMInBMzrpOlfqtMx0cZjYnIFeI7o8jdxhRBphp1kq', 2, 1, 1602052351, 'Ma Al hamidiyah', 'Fathurgm_', 'Depok', '081286604792', NULL),
(129, 'Tiffani Galis', 'tiffanigalis03@gmail.com', 'default.jpg', '$2y$10$DBCn7GIyDKeyLmHxKC3blOqGTty5.yENFYYVqxTqt6ZC.g68FB./O', 2, 1, 1602053461, 'MA Al-Hamidiyah', '', 'Depok', '', NULL),
(130, 'Siti Kotijah', 'sitikotijah1505@gmail.com', 'default.jpg', '$2y$10$EBif8B63XENOn/RsZxRT7ePe6OQnA2NW8XijzKNwa.m1uckUDT4Oa', 2, 1, 1602054812, 'SMAS Budaya', '', 'Jakarta Timur', '', NULL),
(131, 'Kaila Syafira Putri', 'kailasyafira3@gmail.com', 'default.jpg', '$2y$10$bR1zMrf.aehwgMv0bDQGA.pk/2KpTgy/f1iK8XvixUfUX/3404e1u', 2, 1, 1602059153, 'SMAN 43 JAKARTA', '', 'Jakarta Selatan', '', NULL),
(132, 'Aisyah', 'aisyahsyah51116@gmail.com', 'default.jpg', '$2y$10$luWwyLZOVNEpMWxW/8PQ4ep4s0vICpWmhDoXa5AwhKOHi0AIO/kX.', 2, 1, 1602060793, 'SMAN 110 Jakarta', 'Smsyonline', 'Kab. Bekasi', '089613159690', NULL),
(133, 'Musdlolifah', 'iifmusdlolifah@gmail.com', 'default.jpg', '$2y$10$xdFbD7qB4kRuzB9ESJLJ8.j7WIE6EL1Y1liK7lrW0cC1XGbauVmEa', 2, 1, 1602068918, 'SMA katolik mater dei', '', 'Probolinggo', '', NULL),
(134, 'kiraz jauzy archam', 'bubura94@gmail.com', 'default.jpg', '$2y$10$cosz7ZK.XlKHci6FYkteGu0CVXLomLax8f9zzt3BT185n798h8Moe', 2, 1, 1602069506, 'MA Al-Hamidiyah', '', 'kota depok', '', NULL),
(135, 'Surya jaya', 'Suryajayadiningrat40@gmail.com', 'inbound3683817575066096072.jpg', '$2y$10$A6cEfNjSxnJJiOt8Oc2ryuOwVKeMsS084A6x/IFIHMsSUbhYoVJPq', 2, 1, 1602073702, 'Smkn 5 pangalengan', 'Surya_jaya15', 'Bandung', '082316153365', NULL),
(136, 'ABELLINO ZALWA PRATAMA', 'abellinozalwapratamaa@gmail.com', 'default.jpg', '$2y$10$pyCwrTfwKnhkqoGUHk9YVOXxcSqTt/hIPFEjfDgJzAIG6CsR4rkci', 2, 1, 1602074078, 'SMKN 1 GIRISUBO', 'abellinozalwapratama', 'GUNUNGKIDUL', '082242230373', NULL),
(137, 'Louis Yap', 'louis27402@gmail.com', 'default.jpg', '$2y$10$109KqRaEsnGPx6YgY5MucOiO9RdLNfl8I.lScTVm2SkFYau3iON2C', 2, 1, 1602075209, 'SMAS Sultan Agung Pematangsiantar', '', 'Pematang Siantar', '', NULL),
(138, 'Salsabila Aulia', 'salsabilaaulia531@gmail.com', 'default.jpg', '$2y$10$PzQM1alcWBIzBjI0FH3VHe4ZS2ArkZQRLmKutGO/sCfXoXpjv2Zq2', 2, 1, 1602092086, 'Smk muhammadiyah gubug', 'slsbilaa22', 'Grobogan', '0895416012681', NULL),
(139, 'Anggi putri hamerson', 'anggiputri2222@gmail.com', 'default.jpg', '$2y$10$gASI4hZ99Epwwd6pDnpbkeMbkp7cNo5BzNcVkoZvX8c2fae7jjwrK', 2, 1, 1602104960, 'Sma al azhar pontianak', 'anggiptrhmr', 'Pontianak', '0895322847456', NULL),
(140, 'Yuniar Fani Eka Prayogi', 'ekaprayogi01@gmail.com', 'default.jpg', '$2y$10$GeEA219sOj6CW2QTQGboGOY7ZSnJesuCWTjTKpKEgV5WxruFMoS9e', 2, 1, 1602107564, 'sman 1 sumberpucung', '', 'malang', '', NULL),
(141, 'Ferlia Indriawati', 'ferliaindriawatii@gmail.com', 'default.jpg', '$2y$10$txswuiJzC4SCgzA21T6gduSe9MfdSSRuCj/wwsgpsK8ODZCxNj6HW', 2, 1, 1602108473, 'SMK BHAKTI KENCANA PANGANDARAN', '@febratee', 'PANGANDARAN', '082121037841', NULL),
(142, 'Nadila Criswara', 'nadilacriswara95@gmail.com', 'default.jpg', '$2y$10$NJ8aQYLB5BkG5IyaQuxvfOzfS4UBDqgz5DdEpj1yxkTI118W/cfly', 2, 1, 1602111390, 'SMA Negeri 1 Pangandaran', '', 'Kabupaten Pangandaran', '', NULL),
(143, 'Erlin Firdaus', 'erlinyuanita911@gmail.com', 'default.jpg', '$2y$10$mo1X9KTNHY1EZYBtGcJ2i.u91j0M79omBrgGy3IA/gssOTilVuLg6', 2, 1, 1602112853, 'SMAN AJIBARANG', '', 'Banyumas', '', NULL),
(144, 'Syafira Roikhatus Sa\'diyah', 'rssyafira2@gmail.com', 'default.jpg', '$2y$10$w3uLArC3dWe3HT8m54TpQeL2zCtAMOQkX/FOX2t0Z1gjc6WUTrq9C', 2, 1, 1602116297, 'SMAN 1 KENCONG', '', 'Jember', '', NULL),
(145, 'NAURA KHANSA IKBAR', 'naurakhansa41@gmail.com', 'IMG_20201004_0916091.jpg', '$2y$10$e.c0Tf4Cj9qw37x7RRgI2eP.8iHdR7FsAfM.kx8yloscjsjMQ32x.', 2, 1, 1602128209, 'SMA NEGERI 2 KUDUS', '@rarakhansaa @g0ndhes_', 'KUDUS', '081216308624', NULL),
(146, 'Katrin nuarta', 'katherinnuarta12@gmail.com', 'default.jpg', '$2y$10$jezmoHaY5TTdDFfnP6nhHuw.gv4EtXZ.9Xr7BuDmf3bOsvrVP7r7m', 2, 1, 1602129571, 'SMA N 1 PUNDONG', '', 'Kab. Bantul', '', NULL),
(147, 'Maria Anggraini Natio', 'marianatio53@gmail.com', 'default.jpg', '$2y$10$YvJ4/rN5RR9ssFIJ9vgvjuiq1tk6pbe0y2.GrzvVRdImH5ycXSU/W', 2, 1, 1602139585, 'SMA Methodist 3', '', 'Kota Medan', '', NULL),
(148, 'Eliza Putri Andri Yuliani', 'elizaputri818@gmail.com', 'default.jpg', '$2y$10$a99tR5RtvIGkXJxx6NyDXeCCUEsK0EV5Cxnxk8PypXyk5y/yM6n4.', 2, 1, 1602140339, 'SMAN 1 WONOSOBO', '@elizark_', 'WONOSOBO', '085327928320', NULL),
(149, 'Afifahrnd', 'afifahrinidam06@gmail.com', 'default.jpg', '$2y$10$FOD8isLvJUjWggqDo0e/J.5CT.CY0ut3GxFxZ05KYCc5rTyUWxmZ.', 2, 1, 1602151018, 'Sma 1 kasihan', 'affh_rb', 'Bantul', '0895362515158', NULL),
(150, 'Billy Jeremia', 'billyjeremia03p1@gmail.com', 'default.jpg', '$2y$10$XPGwftA.AT3/Con5vJkBYe1kMBmFzINgmGHBMHOgC5LugESt4vx5u', 2, 1, 1602157499, 'SMAN 1 KOTABARU', '@billyjeremia_', 'KOTABARU', '', NULL),
(151, 'Khannia Hannidhita A', 'hani180803@gmail.com', 'default.jpg', '$2y$10$1Bi6IM0PLDHjpYrH3jTs/.flCDMrqorULeqkKBpJcHqwK21MvOLbC', 2, 1, 1602164866, 'SMAN 1 PAJANGAN', '@hantugas18', 'DI Yogyakarta', '085718410284', NULL),
(152, 'Raissa Maulida', 'raissamaulida105@gmail.com', 'default.jpg', '$2y$10$uypvsxx7bows.xN7T1Nm0eDeOdaoPW/lH.AGjo8a9zK9fjVxVBQcu', 2, 1, 1602168020, 'SMA NEGERI 1 MEULABOH', '@rsmlda_', 'Aceh barat', '081285757727', NULL),
(153, 'lila aulia irmana', 'meliacahya12345@gmail.com', '500028000327_265801.jpg', '$2y$10$MIoJ0ML64Xfb5Z.0Sj/WgO42vPGRG139sCMFV/XwYsc9RBxlnJU5i', 2, 1, 1602170064, 'SMAN 2 SAMARINDA', 'innerchild.ty', 'SAMARINDA', '081250152206', NULL),
(154, 'Elza Alfi Anthi', 'elzaalfii25@gmail.com', 'default.jpg', '$2y$10$zcnFbGnHeKy5U/j6L4WdcOUkCJtFNPjbadmD1XNqpKG8JKh.J.qDi', 2, 1, 1602171754, 'Man 2 Bogor', 'ssecondlead', 'Bogor', '085779487576', NULL),
(155, 'Inayah Siamsiartri', 'inayahsiamsiartri411@gmail.com', 'default.jpg', '$2y$10$hjCLGXL.zAHzcWpt4./RgeYeWP08gFP8FsYlzKZpBEzjnt1E8Mg.6', 2, 1, 1602174262, 'SMK NEGERI 2 CIKARANG BARAT', '@nayssrt', 'Bekasi', '082112723477', NULL),
(156, 'Widya Ruswindra', 'windrajunior0807@gmail.com', 'default.jpg', '$2y$10$o4OQ3SiYlR5Fwe5PWPwgE.v2qjaSaP2CQs7/4mj3Aeu3cJZ6pb15C', 2, 1, 1602202252, 'SMAN 1 KOTABARU', '@ruswindra0807', 'Kotabaru', '082299073287', NULL),
(157, 'Afrizal Rizqi Syahputra', 'afrizalrizqi02@gmail.com', 'default.jpg', '$2y$10$gJa1.tI.TrmSbCoa62JQc.bQXx9EmKX0euWdYOhYhWP9l1CAnIwja', 2, 1, 1602228650, 'Sman 2 Surakarta', '', 'Surakarta', '', NULL),
(158, 'Nanik Baiqi Afifah', 'nanikbilqi567@gmail.com', 'default.jpg', '$2y$10$bNOiXIDioRdqw5UQhXYTYetaxAaaW9buRC56t7QmpX4wIMw/pmPmS', 2, 1, 1602233485, 'SMAS Albanna', '', 'Denpasar', '', NULL),
(159, 'Ramanda', 'ramandaputri1310@gmail.com', 'default.jpg', '$2y$10$MuX5EGV3dPL9TQXeJ6AhneS4m.qS6Xi6fuwe8TCWIsrSrI12mrSpO', 2, 1, 1602233956, 'Sma N 7 Palembang', '', 'Palembang', '', NULL),
(160, 'Kodzuken', 'Dareliadamara@gmail.com', 'default.jpg', '$2y$10$zJ4v.EOT6vJHTumEUC2LX.vs9LzsTSx.Wt.4ejKs.Ji0V5MPs//L.', 2, 1, 1602237270, 'SMAS Dwijendra', '', 'Gianyar', '', NULL),
(161, 'Iftinan Silvia Handayani', 'iftinansilviahandayani@gmail.com', 'default.jpg', '$2y$10$oGEyqWJa87NpfB0v2ymuyOBwLfBkKYnNl6sNJhPqwkurm4r7wcEmy', 2, 1, 1602238513, 'SMA 2 SEMARANG', '@adachi.kaito', 'Kota Semarang', '08995610891', NULL),
(162, 'Tania Amanda Octavia', 'taniaamandaoctavia@gmail.com', 'default.jpg', '$2y$10$qWXiXtms9jL4sk1B2a10S.eVJJ6MOntX5/08WTA1h4MqtnxG2rfsa', 2, 1, 1602240075, 'MAN Jakarta', '', 'Depok', '', NULL),
(163, 'Dhea Alfiyah Salsabila', 'dheaalfiyahsalsabila243@gmail.com', 'default.jpg', '$2y$10$ldbAZ.i0SHRXOXQoSQdYruih.6aVgD.GY3pIRnQGN.9N6JMCE/S8u', 2, 1, 1602241814, 'SMAN 2 Jombang', '@dhea_salsa02', 'Jombang', '082229235876', NULL),
(164, 'Almira Zhafirah Mahyuddin', 'almirazhafirah9104@gmail.com', 'IMG_20200911_110400_842.jpg', '$2y$10$QumRhH8tTqXhxPrIgF..ked5CpaZIfpmYlcI3hyz2RsFwb9hBCJs.', 2, 1, 1602248984, 'Sman 1 Bukittinggi', 'Almira_zhafirah', 'Bukittinggi', '0895617192006', NULL),
(165, 'Firda Rachmawati', 'firdarachmawati3@gmail.com', 'default.jpg', '$2y$10$Ey5N4ZStoABAy0rPI//E..G81FlDy1IWle0uJHreT9uMD./7FiiGy', 2, 1, 1602249851, 'SMAN 1 JEMBER', 'frda.r', 'Jember', '085777246184', NULL),
(166, 'Audy', 'audysalsabilla28@gmail.com', 'default.jpg', '$2y$10$pEkic1q0PN5xu.lqfYPqOegXheZ.7trPOJ1TxrNFHGaQO3LJ54UUG', 2, 1, 1602255470, 'Sman 5 balikpapan', 'rrrestart_', 'balikpapan', '085972789017', NULL),
(167, 'Nabil Ramaseno', 'Ramaseno10@gmail.com', 'default.jpg', '$2y$10$SXBt.91ErpvhEnfKTnLoveEBEvXRVZaTNHYud/.UHmMtYvJEnX.Ra', 2, 1, 1602261770, 'SMAN 1 sumbar', '', 'Padang panjang', '', NULL),
(168, 'Boni', 'nramadhani811@gmail.com', 'default.jpg', '$2y$10$7nXk0Aw4kUjgGJY0zyBhwO9b8mzENteCTQZ7rXi7xn2dofkAr4Edy', 2, 1, 1602266676, 'Sma 3', '@boniii', 'Bekasi', '', NULL),
(169, 'Iftinanda Mayra F.', 'iftinandamayraf.653@gmail.com', 'default.jpg', '$2y$10$LjvElZtIAW.hhDECxXFWxODzfQ/4pQIkzydrKFJvki8vkLyT173O6', 2, 1, 1602285939, 'SMAN 1 Batang', '', 'Batang', '', NULL),
(170, 'Muhammad Zydan Daseva', 'zydandaseva@gmail.com', 'default.jpg', '$2y$10$DmxZHTVPYsccSF.2ezDXq.WSZ8lTqoNxspcdLE8aQH8q7oN2Nvba6', 2, 1, 1602286313, 'SMAN 1 SUMATERA BARAT', '', 'Padang panjang', '', NULL),
(171, 'Hanifa Zahra', 'vhanuha@gmail.com', 'default.jpg', '$2y$10$J6CDv23zdMss/aEUVYukvOMbhWNuT5GwjXYBIUHAuTSTT/lSwxOXq', 2, 1, 1602289158, 'SMAN 2 Ungaran', 'nama.piu', 'Kab. Semarang', '085156259743', NULL),
(172, 'Dinda ayu kharismatik', 'dindaayukh6@gmail.com', 'default.jpg', '$2y$10$zgc0LVob6BwMnAX13HUxxeZi9wlnvMebIzW1GdSzgOnuMLlQX/1vC', 2, 1, 1602290753, 'Ma Asy-syafi\'iyah', 'moodstudy.ptn21', 'Kab. Tegal', '0083194712480', NULL),
(173, 'Mega Linda Toga Torop', 'lindamega9@gmail.com', 'default.jpg', '$2y$10$SynRxlbXnAooi3RwWZ5.v./vPwevtZsoj7g7e1fiF2yqvg/UfmCZS', 2, 1, 1602297828, 'SMA NEGERI 5 PURWOKERTO', '', 'PURWOKERTO', '', NULL),
(174, 'Widya AP', 'widyaap2020@gmail.com', 'default.jpg', '$2y$10$gzkbm4q6VapvpsoRFssTP.7jjHDbDJJDonWzTsFsibQZCcwXPWP8i', 2, 1, 1602297989, 'SMAN 1 AMPEK ANGKEK', '', 'Kab.agam', '', NULL),
(175, 'Muhammad Alif Ramadhan', 'alifgans31@gmail.com', 'default.jpg', '$2y$10$NPiusWmvFXs3sWFkMDl/HeRAoFRqZjFlsh091yDIzRtblTRJwuT4O', 2, 1, 1602299452, 'SMAN 1 Negeri Sumatera Barat', 'alif_rama31', 'Padang', '081316747767', NULL),
(176, 'Nadya Putri Chania', 'putrichanianadya@gmail.com', 'Snapchat-1906637758.jpg', '$2y$10$xxiQoo8zChHH0UF4lMMRduQ0tu4e7G21kBB6wKym0a0LwihaJS5P6', 2, 1, 1602302154, 'Sman 1 Sumatera Barat', '@yaelahchan._', 'Padang panjang', '089530023383', NULL),
(177, 'Faizzurrahman Nilza', 'zurrahmanfaiz06@gmail.com', 'iGeoLogo.jpg', '$2y$10$.sSABJyo3o369u0fFkBoSeQjFOWpsWzyumWf.H4R6oLjEpNmzGDNi', 2, 1, 1602303586, 'SMA N 1 Sumatera Barat', '@fnad682011', 'Kota Padang', '085263776905', NULL),
(178, 'Naila Nariswari Halisya Putri', 'nailahalisya87@gmail.com', 'default.jpg', '$2y$10$wfJ5VGUkes5dskCjfGnM3umGk1xHL4K142M0w2yXLH2Y9mObAvC2W', 2, 1, 1602307562, 'MA Husnul Khotimah', 'naila_nnhp', 'Depok', '082114503519', NULL),
(179, 'Muhammad muirfan', 'iirfannya@gmail.com', 'default.jpg', '$2y$10$LkDgmh1NKiypjYpEjEYbjeLgZwoi.zTIBLclHK4hG1TIz2RYWgF2C', 2, 1, 1602308232, 'Ma Maslakul Huda', 'Irfannnmrf', 'Lamongan', '085736838934', NULL),
(180, 'Muhammad Mu\'irfan', 'irfanirfan0332@gmail.com', 'default.jpg', '$2y$10$68VTTOlRkM7sPM8cuB6wyOep/aDSKaG5bSOVIAg3WGLF9cx2MaiwS', 2, 1, 1602308961, 'Ma Maslakul Huda', '', 'Lamongan', '', NULL),
(181, 'Angelina Puspita Sari', 'angelidphitho3001@gmail.com', 'default.jpg', '$2y$10$Wun/r8jqo0Tia5JNk2bVMetbYDK4.yeS.yzJ23LWYyKpLo0XcwR5K', 2, 1, 1602317307, 'SMA Hang Tuah 2 Sidoarjo', 'ambisverse.2021', 'Sidoarjo', '087853475869', NULL),
(182, 'Dindaf', 'dindafenesia01@gmail.com', 'default.jpg', '$2y$10$SIQcfF4c0/q5zuonOEoHmejyRFWNpS30XpyakQFkPbl3MKo16BU96', 2, 1, 1602318089, 'SMAN 1', '', 'Sidoarjo', '', NULL),
(183, 'GEA', 'didiboolaa@gmail.com', 'default.jpg', '$2y$10$Zx2fpkXJ.ZrwcqELyGEaGObhUVJ/GYa6ZcuS3TsoFz126ZGT7CUQK', 2, 1, 1602326186, 'SMAN 40', '', 'Jakarta', '', NULL),
(184, 'Annisa Hidayati', 'annisahidayati.aa@gmail.com', 'default.jpg', '$2y$10$qk3iHD5BixtpDrBUpnoaSemLWQ73sjSGGt89UkvxSDwjjVSnar7wW', 2, 1, 1602326269, 'SMAN 1 APNA', 'nisaa__ah', 'Agam', '083165750279', NULL),
(185, 'Tiara Maharani', 'tiaramaharani6202@gmail.com', 'default.jpg', '$2y$10$d84VAdbjxZ0C6JAsPd40veUkov8bIbeaxA/TLhEoSGTZtacJgTTN.', 2, 1, 1602327320, 'Alumni', '', 'Sukoharjo', '', NULL),
(186, 'Resi Pramestya Febriana', 'resipramestyaf@gmail.com', 'default.jpg', '$2y$10$gshoh9fI1yM77PSdUlbc.umZRejgnhjrkgwXzRuto8h35U2d/n0dC', 2, 1, 1602330501, 'SMAN 7 BANDAR LAMPUNG', '@resipramestyaf', 'BANDAR LAMPUNG', '089677686415', NULL),
(187, 'Marsya Rizky Arinda', 'marsyapwt12@gmail.com', 'default.jpg', '$2y$10$ZoL0d/gI4LA3A2hP0YDm5uPWFyET850EUovc5Ff5MtmDxZz90sfqu', 2, 1, 1602330969, 'SMA N 5 PURWOKERTO', '@inffblejaem', 'Purwokerto', '082323653182', NULL),
(188, 'Asiya', 'asiyaskaa@gmail.com', 'default.jpg', '$2y$10$URhWi9B0lAOz9jsUeLZr1eYsygv/PZyhV2LUPQ9ODPI9jp5ppmwJ.', 2, 1, 1602331080, 'SMA N 3 SUKOHARJO', '', 'Sukoharjo', '', NULL),
(189, 'Anandhita Maharani', 'anandhitamaharanid@gmail.con', 'inbound6187613390340347410.jpg', '$2y$10$K15HTT7QQn6VTAXU8Cc85.5VaUdl1T63YVjRSJnB/xOGO.lRo5DLu', 2, 1, 1602345551, 'SMAS AL ULUM', '@dittaayaa', 'Kota Medan', '085760308669', NULL),
(190, 'Siti Naurah Laila Rasyidah', 'naurah9h@gmail.com', 'inbound2000184226571537126.jpg', '$2y$10$i1c1WpwDrfPonrKwpoDbFOCzL6F1rgz3MLZGDsCmeZX6AlHTyuhNu', 2, 1, 1602350623, 'SMKN 16 Jakarta', '@nnouwrah', 'DKI Jakarta', '089522313287', NULL),
(191, 'Friska Amelia Putri', 'friskaameliaklambu@gmail.com', 'default.jpg', '$2y$10$4pZzX/dDPMLjE6/LQVdxf.OCzq1zRBt6XEp8jpREvx5GvSlDp4TTe', 2, 1, 1602371567, 'SMAN 1 Grobogan', 'frisskaamelia_', 'Kab. Grobogan', '085876159096', NULL),
(192, 'Ramadhani Galih', 'ramadhaniaming@gmail.com', 'default.jpg', '$2y$10$bLiPosOcfz6DvrAaVz24hOCXnXXGfTiojj.Ck7v62kRrNVFADW11a', 2, 1, 1602373001, 'SMA N 4 Semarang', '', 'Kota Semarang', '', NULL),
(193, 'Prima Yunita Hariyanto', 'primayunita007@gmail.com', 'default.jpg', '$2y$10$gVCmjNaordapBBBgCxfjW.lynORQW/zp.jlfUAYGGIQTT6tgVDa3e', 2, 1, 1602373280, 'SMA N 1 Wonosobo', 'Helloprima_', 'Wonosobo', '081229854410', NULL),
(194, 'Kunta', 'kkuntariahlilih@gmail.com', 'default.jpg', '$2y$10$g.fKO6YFjQxInEPIArkC3ODhrODpBKtrN.yhXK1s4MGBhCW7HNMnG', 2, 1, 1602376359, 'SMAN 1 gunung p', '', 'Bogor', '', NULL),
(195, 'WINDA MAHARANI SARTONO', 'windasartono@gmail.com', 'default.jpg', '$2y$10$ybuDg11jZl.rFS/rmEnug.0z8VC662ZhFZJD/8c2zLhISh1LPUmr2', 2, 1, 1602376966, 'SMA N 1 SRAGEN', '', 'SRAGEN', '', NULL),
(196, 'Nandia Rahma Septiansyah', 'nandiarahma67@gmail.com', 'default.jpg', '$2y$10$cAi2G2bDZjYAI3BRnwB1kOaRxysMQH31tpF2ilnel/dybYhCVKdOa', 2, 1, 1602380022, 'SMA N 5', 'stankuyy', 'Semarang', '0895397251473', NULL),
(197, 'Fajar Dinanta', 'fajardinanta2003@gmail.com', 'default.jpg', '$2y$10$Crdv8bmSyzKtq7wFCSnWyuDqL6RfdYxvtW0rdmEI0hP10aJV.V0qi', 2, 1, 1602384335, 'SMA N 1 Benai', '', 'Kuantan Singingi', '', NULL),
(198, 'Fathinia Zahra', 'fathiniazahra9a@gmail.com', 'default.jpg', '$2y$10$mqK1VbCN3QRH0kSutsL09evQ/ruH53r5uM2XKrmmyRczcepXD1bcG', 2, 1, 1602392119, 'SMKN 16 JAKARTA', '', 'JAKARTA', '', NULL),
(199, 'Lutfi rahmawati', 'lutfira17@gmail.com', 'default.jpg', '$2y$10$OEomWwkrKcS4LberzIlaQuvEyUuwJXwBwDnCz3YhnPiFAqXL0IW1q', 2, 1, 1602393605, 'SMA TARUNA NUSANTARA', '', 'Temanggung', '', NULL),
(200, 'Herlina Aprilia', 'herlinaaprilia0403@gmail.com', 'default.jpg', '$2y$10$aZZ2eZ35IsgyQZgJidjH1urIVhYA/0t2Zg8sehYAUhDapZ2N3WNJ2', 2, 1, 1602396745, 'MAS Maslakul Huda', '', 'Lamongan', '', NULL),
(201, 'Abiyyu Achmad Syahru Mubarok', 'abiyyu.achmad@gmail.com', 'default.jpg', '$2y$10$rnaNsJxJyGnAedA6MiKDDuuJgi8TpmzkAurNt4AgEh/CT2werABmy', 2, 1, 1602404158, 'SMAN 1 JEMBER', '', 'Jember', '', NULL),
(202, 'Farah Diffa', 'farhdiffa3@gmail.com', 'default.jpg', '$2y$10$Ln5D2fIJBtXO4il9lKw0OOoaAOE77fHtcQAaQ/.RrzCgYYmRCTuJW', 2, 1, 1602404616, 'Sman 1 jember', '@f.a.r.r.a.h__', 'Jember', '081259903703', NULL),
(203, 'Sabrina Ghina Zahira', 'sabrinaghina2003@gmail.com', 'default.jpg', '$2y$10$RPDUd1/VSFzr82ewjopyiuWXYv6AGD7wYNQtZQlcHwirvKpq4gLTS', 2, 1, 1602408406, 'SMAN 2 JEMBER', '', 'JEMBER', '', NULL),
(204, 'Edi Suranta', 'manusiabiasaa28@gmail.com', 'default.jpg', '$2y$10$jNHPGWKLcbcHMu0QYxzH5OVAC0T5c/QHgVExVVEGwnel0pToWtH/G', 2, 1, 1602411364, 'SMAN 1 Medan', 'edisurantaa', 'Medan', '0895612156581', NULL),
(205, 'Zakia Setia Paganti', 'zakiapgnti22@gmail.com', '☞︎_????????????????????????????????????_(@super_aestthetic)_のTikTok_(ティックトック)｜_☞︎_????????????????????????????????????_の最新動画を視聴しよう.jpeg', '$2y$10$MGf2s79wO2EU01lhQVlzx.KWEjR3lFXoCDci5DzNqqCF7V.9hHVu.', 2, 1, 1602414463, 'SMAN 1 SUMATERA BARAT', 'zakiapgnti', 'Padang Panjang', '082171265735', NULL),
(206, 'Octavianda Arum Kusuma Wardani', 'octaviandaarum@gmail.com', 'default.jpg', '$2y$10$lnDPvRjhu9AtWUFM0ECggeHkPxbur0xZDpfr/zMDitUPXzHeg9BqC', 2, 1, 1602415957, 'SMA N 3 SUKOHARJO', '', 'Sukoharjo', '', NULL),
(207, 'Sherly Dwi Apriliani', 'dsherly5@gmail.com', 'default.jpg', '$2y$10$15oZ/djw78qSJ.7J1D1cLeOjPcvJ4OCaZ6YAwLnHAX75yuYjOXMUe', 2, 1, 1602426237, 'SMAN 2 CIKARANG SELATAN', '@shrlydwap._', 'Kabupaten Bekasi', '08569926554', NULL),
(208, 'FAIRUZ ATI NADIYAH', 'atinadiyahfairuz28@gmail.com', 'default.jpg', '$2y$10$lFxxlY80fZJdt11cXbuQnOBeYTA80Wy59tVIZl3FfDZ.syro0qkyG', 2, 1, 1602428146, 'SMAN 1 CIBARUSAH', '', 'BEKASI', '', NULL),
(209, 'Amanda', 'amanda.nazua@gmail.com', 'default.jpg', '$2y$10$sStS856bArYhtBjtF9VNm.h1rC6utrf0ZjgGMPcR/klnNZdez38hS', 2, 1, 1602431726, 'SMAN 13 Jakarta', '', 'Jakarta', '', NULL),
(210, 'Fanky Carelino', 'mlkeyen21@gmail.com', 'default.jpg', '$2y$10$tQvpKmin7vyFBIzVgOYEDusr65vgMulTp.v9UzGJGH82q5F7DWwpq', 2, 1, 1602434179, 'SMAN 3', '', 'Surakarta', '', NULL),
(211, 'Alexander F', 'carelinofanky21@gmail.com', 'default.jpg', '$2y$10$9M/li7mwor0L12SXxgsi3uMK6PzW.VsuiJK0ay1L5su3K5F1kwh/S', 2, 1, 1602434667, 'SMAN 3', '', 'Surakarta', '', NULL),
(212, 'Putri Wakhyu Amaliya', 'pamaliya02@gmail.com', 'default.jpg', '$2y$10$lrAsJs59eOE9GG.DHKo43ODjt0QMcsdI5kAR/3sX1JXWdrKJR5AzO', 2, 1, 1602468609, 'SMAN 1 WANADADI', '@itsme__ale', 'Banjarnegara', '085727491080', NULL),
(213, 'Fadhlan Ash Shiddieqy', 'fadhlanash@gmail.com', 'default.jpg', '$2y$10$vDpcE5AReH2REGK/xFqas.qf9IaHkJv.AZeoj0s.Hhx8VBfY0ZXTS', 2, 1, 1602474341, 'SMAN 1 SUMATERA BARAT', '', 'Kota padang panjang', '', NULL),
(214, 'puspita', 'aldaramadhani40@gmail.com', 'default.jpg', '$2y$10$kM.qR7LNuEar1So3Sb2tQurcWTXHiSDBYZy701NqL2zhy37zEva62', 2, 1, 1602474836, 'SMA N 1 SLAWI', '@_rraawwrrr', 'tegal', '', NULL),
(215, 'YUYUN ROHMAWATI', 'yuyunrachmawati76@gmail.com', 'default.jpg', '$2y$10$liII.G6UHne06jc.5rlnbeS16yPcXVC2.qWmXJyU002Bve38tHkJi', 2, 1, 1602476481, 'MA TABAH', 'yuynrach', 'LAMONGAN', '083856900378', NULL),
(216, 'Nabaulma Chilmi Noor', 'nabachilmi@gmail.com', 'default.jpg', '$2y$10$mXnJ/DZns4nXbRT0Ahq10OjaJ.BgPkr1HaqLsCpz/45sPsD/EkUmu', 2, 1, 1602477546, 'MAN 2 KOTA KEDIRI', '', 'BLITAR', '', NULL),
(217, 'SyifaBerliana', 'syifaberlianaa@gmail.com', 'default.jpg', '$2y$10$YI83.Cow3a9/y3H/13pWQuPebGjax9GCNjLIywnCI8cJamOFYMbjC', 2, 1, 1602480038, 'SMA NEGERI 1 WANADADI', '', 'Banjarnegara', '', NULL),
(218, 'Alfina Dian Syaputri', 'alfinadian88@gmail.com', 'default.jpg', '$2y$10$fxZBWGuJbpSe2TO9wz698eure1ijkmWutnAcetm6YdeTMURaJoUyK', 2, 1, 1602480986, 'SMAN 1 Wanadadi', '', 'Banjarnegara', '', NULL),
(219, 'Alfina Dian Syaputri', 'alfinadians23@gmail.com', 'default.jpg', '$2y$10$4wkY4YLeZLa17MjToh4xyubHIeQMbZtw8gip2Thm08D93EsHOu0lq', 2, 1, 1602481194, 'SMAN 1 Wanadadi', '', 'Banjarnegara', '', NULL),
(220, 'Gabriela Christina', 'gabrielachristina424@gmail.com', 'default.jpg', '$2y$10$BeKK0Vim/KaiYwmXCqlvUuueywEc9n8MUIwTzpMuK/eeacT5i7qRC', 2, 1, 1602488365, 'SMA 3', '', 'Semarang', '', NULL),
(221, 'Hsn lim', 'asmi80lim@gmail.com', 'default.jpg', '$2y$10$Bvc1N8WPFmJjAeQ.9urDz.Co1bZjAU4FwfWU3jfbgbO.rTop9rKjy', 2, 1, 1602511466, 'Sma lain-lain', '@taanukii_', 'Dharmasraya', '', NULL),
(222, 'Nanda nabila f', 'nn303531@gmail.com', 'IMG_6x1nhk.jpg', '$2y$10$uTg2Eqxame4BqoiHypDqluN/df6sLUHU8FPP.RnbydE.HhpRw6AG.', 2, 1, 1602525844, 'SMAN 1 WANADADI', 'nanayood', 'Banjarnegara', '+62895-2874-3714', NULL),
(223, 'Hafid Kurniawan', 'hafidkurniawan14@gmail.com', 'default.jpg', '$2y$10$7.Uah0tNstburNmZ9x2Qb.tRO4jLh4yNGGL1.UvrvADzI9AmALEFy', 2, 1, 1602539699, 'SMAN 1 Boyolali', '@hafidkk', 'Boyolali', '089649058507', NULL),
(224, 'Hana Dewi S', 'hanadewi.s28@gmail.com', 'default.jpg', '$2y$10$gD2/OGyKaBU0WrY2At55KOBBdguvGknLswlj1hHDYRZrsri1BjP02', 2, 1, 1602540549, 'SMAN 1 BATANG', '', 'BATANG', '', NULL),
(225, 'Faisa Nur Fadhilah', 'faisadhlh@gmail.com', 'default.jpg', '$2y$10$cXGt.77jyVi1IhMhCyRDr.1/z/iePeuH0pp1hPk8SmFtcppm3b/Ry', 2, 1, 1602541126, 'SMAN 1 Batang', '', 'Batang', '081542833987', NULL),
(226, 'Fanya frista', 'fanyafrista@gmail.com', 'default.jpg', '$2y$10$6YruXLmBnVHczzhneaXYluE1qXxkRMvVLDXmD37/R1EfBzeS0IsXS', 2, 1, 1602549048, 'Aman 1', '', 'Padang', '', NULL),
(227, 'Rahmawati', 'Rahmahamah800@gmail.com', 'default.jpg', '$2y$10$lcW3sgb7S6Kq74kTlaCa5.Xj4WPstw80K0/Vg4tVmVFm/J/4BussO', 2, 1, 1602549278, 'SMAN 1 Tapin Selatan', 'a.rahmah03', 'Kab.Tapin', '088704387701', NULL),
(228, 'Yunita Wahyu Cahyani', 'yunitawahyuchy@gmail.com', 'default.jpg', '$2y$10$fg.ty5irLvFELJIpGyecReSgdMSHJXg/95vCM90RYJR1ZoLgD7jrW', 2, 1, 1602556903, 'Sman 2 karanganyar', '', 'Karanganyar', '', NULL),
(229, 'AYU YULIANTI', 'ayulianti868@gmail.com', 'default.jpg', '$2y$10$lA7P9ngALBlrOleQ1IuDde6hWB3Emg8.XHWPMIfuDMCo1G1fDXge.', 2, 1, 1602558482, 'SMAN 1BATANG', '', 'BATANG', '', NULL),
(230, 'jara indah', 'pramanik2612@gmail.com', 'default.jpg', '$2y$10$kVtojWHSKJJ0tt1vH8CvaORTQBKLBuHbButMt8NMd1.zMvwY4htN6', 2, 1, 1602560667, 'SMAN 1 CIkut', '', 'bekasi', '', NULL),
(231, 'Najwa aifa noor maya', 'aifa.noor55@gmail.com', 'default.jpg', '$2y$10$Ffy6.PF4eZCPRtPVZviQEu6kkVLQhINnRoYPDL0jvhaU3sS/Hxlpu', 2, 1, 1602561375, 'Ma ppmi assalaam', '', 'Pati', '', NULL),
(232, 'Aldi Firwanto', 'aldifirwanto@gmail.com', 'default.jpg', '$2y$10$f26NfBLqGqY9eIyRpKEWeOkL5zJ89gHaa4VqYwv8uLJu2XpEk37Ku', 2, 1, 1602563043, 'SMAN 1 Sumatera Barat', 'aldifirwanto12', 'Padang Pariaman', '081374516646', NULL),
(233, 'Fadli Ramadhan', 'fadlirama031@gmail.com', 'default.jpg', '$2y$10$jrH2YrxPD3v21A3./HFZ8uJ.yzdWFj/fJNK5aCqxhslzeLT8HGOdm', 2, 1, 1602563394, 'SMAN 1', '', 'Padang Panjang', '', NULL),
(234, 'Naurah Andini Adefya', 'adefya24@gmail.com', 'default.jpg', '$2y$10$Rimthr0Diwl3CW5Qp0L3Qe5R8jUYX7pRy.Bigsdib16U8R2am01yG', 2, 1, 1602565613, 'SMAN 1 Medan', 'wawayaaa', 'Kota Medan', '082362546291', NULL),
(235, 'Andi', 'andika.akbar27@gmail.com', 'default.jpg', '$2y$10$daGBStfuayyJyziv/vjoSuBwpExB690AIcgL9YEeMDaxCSvGYuOt.', 2, 1, 1602573176, 'SMAN 2 Ngawi', '', 'Ngawi', '', NULL),
(236, 'Oxi chandra dewi', 'Dewioxi@gmail.com', 'default.jpg', '$2y$10$BaOuLjBuC/AzavGL/BbTt.WdIPV9saW.ue72ER3CBBVTmu0IuoY7C', 2, 1, 1602573489, 'Sman 1 sragen', '', 'Sragen', '', NULL),
(237, 'Fadli Lefrandi', 'lefrandifadli@gmail.com', 'default.jpg', '$2y$10$62H77vuRZNbqu6Enr2lESekTsPbshGxdqkX0tK52TCDjGLFjwDRk.', 2, 1, 1602574274, 'SMA Negeri 1 Sumatera Barat', '', 'Padang panjang', '', NULL),
(238, 'Putri Theresia Ambarita', 'putritheresiaambarita@gmail.com', 'default.jpg', '$2y$10$k3Q4ScAPa0ebYn1dQ09s7.VaZJhmxnhHDPOXbqUeoA98NQGecli3.', 2, 1, 1602575093, 'SMAN 14 Batam', '', 'Kota Batam', '', NULL),
(239, 'Mirna Wati Simanjorang', 'mirnayswmanjorang@gmail.com', '20200801_105957.jpg', '$2y$10$kxhNQD1XkHqBY6JvxeHX5OqyezKPF4zeaUJfk2xyWop.zhhrrrRuK', 2, 1, 1602575988, 'SMA N 1 SILAHISABUNGAN', 'mirnawatisimanjorang', 'Tanjung Beringin, Kec.Sumbul,Kab.Dairi,Sumut', '081264507260', NULL),
(240, 'Jeon Wonwoo', 'fauziyahoctawayandara02@gmail.com', 'default.jpg', '$2y$10$P7kQOmADF9xBwElAlxe3i.AW6Wec81d1hhOsFO0JsvEAeZoI.7t3e', 2, 1, 1602581293, 'SMAN 1', '', 'Padangpanjang', '', NULL),
(241, 'Angelika Limbong', 'gracelimbong22@gmail.com', 'default.jpg', '$2y$10$LFWqKM83R9geTnHy//Ly9.oFo9Tq8XuLZoFKqNlMMII1XKY.wuQ7K', 2, 1, 1602581909, 'SMAN 1 SILAHISABUNGAN', 'an.limbong', 'Medan', '081263359481', NULL),
(242, 'najma kamilla', 'najmakamila671@gmail.com', 'default.jpg', '$2y$10$lkkSRp9VnbxoUGDjFritc.eFefiisSMv.liNbIJE6DGlr4rLFnnCK', 2, 1, 1602592831, 'sma n 2 kudus', 'njmaaakf', 'jepara', '088237156347', NULL),
(243, 'JOIS OKTA VIANI GIRSANG', 'oktagirsang7@gmail.com', 'IMG_20200913_093145-removebg-preview.png', '$2y$10$3dfeYk5b1tLNuQLWAb/qTe7tVWleF2wdIoNp1t4KXEpDD6aJ47Dhi', 2, 1, 1602595122, 'SMK SWASTA RISMADUMA SUMBUL', 'jois_oktaviani_girsang15', 'Tanjung Beringin,Kec.Sumbul,Kab.Dairi , Sumut', '085261056458', NULL),
(244, 'Zia Azizah Neurinda Muchtar', 'zia.neurinda@gmail.com', 'Gallery_-_Giselle_Dekels_Portfolio.jpeg', '$2y$10$EIa4eHr5wZkThb4ma2mWLud9ljOfVFii7QYTUMV0TsTdL7fYPlmJq', 2, 1, 1602603416, 'MAS PPMI Assalaam Sukoharjo', '@jyuliyet ', 'Ponorogo', '089514313051 ', NULL),
(245, 'abaladiffa', 'abaladiffa@gmail.com', 'default.jpg', '$2y$10$EvV8xsXaH0Y.saQTn2z/Fu6XLUQvDjPs7okgX8T69XKt3DA7tAg5S', 2, 1, 1602606367, 'SMA N 1 Muntilan', 'abaladiffa_', 'Magelang', '081229000065', NULL),
(246, 'Ananda Surya', '99squadd@gmail.com', 'default.jpg', '$2y$10$6mpxM6HOMB92cNha2Ygdp..oKk.MUnRNNTIZZfUODkzGd36.3k9ku', 2, 1, 1602633094, 'SMAN 1 JEMBER', '', 'JEMBER', '', NULL),
(247, 'Sinta shofiyatul muthmainnah', 'Sintatata63@gmail.com', 'PicsArt_09-10-05_29_40.jpg', '$2y$10$.OUrZlPZZxyjt2J4ru1opOKbpPLjPIn8YlArGnwr7Vzh.T4Vlv50q', 2, 1, 1602642654, 'SMAN 9 Garut', 'Cute.sintaa', 'Kab. Garut', '085749855265', NULL),
(248, 'RIDWAN BUDI DHARMAWAN', 'ridwandarmawan556@gmail.com', 'default.jpg', '$2y$10$LfFdzDjMwNk923TkAabUaOZnyn/5F1NDIfw/2az8aQyfG.qzTjEQK', 2, 1, 1602646349, 'SMA MTA SURAKARTA', 'ribudh_30', 'Karanganyar', '082328844466', NULL),
(249, 'Yanuar Roihan Mahdy', 'yanuarroihanmahdy@gmail.com', 'default.jpg', '$2y$10$pkKUq6XVofL6.bADxjyEZOjuFkrZ4fq2VWvfSQXMU85zhOUqOzGrq', 2, 1, 1602662559, 'SMA N 1 BANJARNEGARA', '', 'Banjarnegara', '08991093737', NULL),
(250, 'Najmi Amalya Kartika', 'najmiamalya18@gmail.com', 'default.jpg', '$2y$10$HU531U8vggJiK/NXvL/CZeriFQLxh.0mqsznB22sAFhx40iLYNdmG', 2, 1, 1602666147, 'SMK bakti Nusantara 666', 'Melllllamel', 'Bandung', '081563939050', NULL),
(251, 'Salwa Salsabiela', 'salsabielas20@gmail.com', 'default.jpg', '$2y$10$hHDxOALjOmfilBWlbGpxcOu.q8FFtYV.g1oOxqx6lqk5yL4z/8MPu', 2, 1, 1602670511, 'MAS Wathoniyah Islamiyah Karangduwur', '', 'Kebumen', '', NULL),
(252, 'Muhammad Faris', 'muhammadfaris2323@gmail.com', 'default.jpg', '$2y$10$3K1LWcti.ulkCvCqDZEKNu2PoX8w6bghmkw2DljofFot.rk6byPba', 2, 1, 1602686962, 'SMAN 7 TANGERANG SELATAN', '', 'Tangerang Selatan', '', NULL),
(253, 'Moch. Khofi Al Yazid', 'mochkhofialyazid@gmail.com', 'default.jpg', '$2y$10$deq20vEWHYc9raCA3JP8x.py6hprmk0N954PJuzDSXQWXhljlhu3C', 2, 1, 1602691641, 'SMAN 1 Jember', '', 'Jember', '', NULL),
(254, 'Oura Berliana', 'berlianaoura1@gmail.com', 'default.jpg', '$2y$10$lN4KhJ5b3pCnUeXimyrvweQu8lG8hW4dvA5QvU0vIDn3mZPIq2Doq', 2, 1, 1602699302, 'SMAN 2 PARE', '@ourabrln', 'Kediri', '085731312448', NULL),
(255, 'YASMIN NAZHIFAH', 'yasminpbg2018@gmail.com', 'IMG_20200808_071805_(1).jpg', '$2y$10$L.Ebf2QRTtch66YvKOWh/uisiNlDzezowAXelc6YpPQz7MM4pa8iq', 2, 1, 1602707922, 'SMAN 22 JAKARTA', '@zhiffers', 'DKI JAKARTA', '085775335749', NULL),
(256, 'Damanhuri Prabowo', 'damanhurihidayatullah@gmail.com', 'default.jpg', '$2y$10$hs3svt08V0aLJaCQ.tkSZek3.L/KRrL5XXG04LMNDX3M/rcvBI5US', 2, 1, 1602735312, 'SMAN 1 Jember', '', 'Jember', '', NULL),
(257, 'Susmanissa Triayunda', 'nissa212121@gmail.com', 'default.jpg', '$2y$10$9JMfEkQfZ2XWVdg74ahUFOZlS2VIu5sjAuBQWSksoinGhFNWltNl6', 2, 1, 1602735627, 'SMAN 1 Batanghari', 'saan.iie', 'Batanghari', '082338208359', NULL),
(258, 'Fuadz Khanafie', 'fuadzkhanafie212@gmail.com', 'IMG_20201010_231727.jpg', '$2y$10$6zGEyoW0yU5B7ZxJjd4QwemKl8JwMJLPXIwjMOVEe1YRwo9CY03i2', 2, 1, 1602742469, 'SMK Batik Sakti 2 Kebumen', '@fuadzwardhana__', 'Kebumen', '081392271369', NULL),
(259, 'Airlangga Raja Dyka Samudra', 'aelang044@gmail.com', '50dae9d94a9f36502668f72240c661fe.jpg', '$2y$10$rq19eKe8R13QMYQ47XrbJ.MD4e6.oSqQ9zcFrM1mO9YPO98wPENi6', 2, 1, 1602748036, 'SMAN 8 SURABAYA', 'azc.0_0', 'Surabaya', '087796934619', NULL),
(260, 'Alfian prasetyo', 'alfianprasetyo84@gmail.com', 'default.jpg', '$2y$10$TvqATW706LGHKZJESMBuROnNa8A7o8TyfSBBk1fOw7KYMJ2S7tHM6', 2, 1, 1602748282, 'Sman 14 kab tangerang', '089668366327', 'Tangerang', '', NULL),
(261, 'Alden', 'aldenmryan@gmail.com', 'default.jpg', '$2y$10$6v8aHk9o6YBmQTw6CbS1FOjFz3o9usl.whWqXg.PHIkVRQbOvuLCS', 2, 1, 1602765924, '-', '', 'Kota Tangerang', '', NULL),
(262, 'luccycyy', 'pcy.chanyeol992@gmail.com', 'default.jpg', '$2y$10$o9CU9ZCr35tSuBwNOiN0X.wXgx4vMVXDWuGsjue0S/la6ic1.TCJG', 2, 1, 1602767464, 'ALUMNI', '', 'indonesia', '', NULL),
(263, 'Tia Nur Fitri', 'tianurfitri9m@gmail.com', 'default.jpg', '$2y$10$MVD6qk5pJCMSXWZDedFbDeYP81xYtd2Klf21ltTSirZeLADDsEPkG', 2, 1, 1602776634, 'Sman 6 cimahi', '', 'Cimahi', '', NULL);
INSERT INTO `user` (`id`, `nama`, `email`, `image`, `password`, `role_id`, `is_active`, `date_created`, `asal_sekolah`, `instagram`, `kota`, `no_tlpn`, `email_admin`) VALUES
(264, 'heya', 'ismanur303@gmail.com', 'default.jpg', '$2y$10$e8m4GpY397KIP4DqY5JPguX8UDe7d7z2zoHphv/3Qt3A3sCH1yoDS', 2, 1, 1602777672, 'sman 1', '', 'bandung', '', NULL),
(265, 'Daffa Ulaya Nashrulloh', 'daffaulayanasrulloh@gmail.com', 'default.jpg', '$2y$10$SweqKcDnE/XnDEtKiTGbPekh.JpIpfIl0xTyqjJBzUB6/CWhPGd6m', 2, 1, 1602801030, 'Man 1 Banjarnegara', '', 'Banjarnegara', '', NULL),
(266, 'Anandhita Maharani', 'Anandhitamaharanid@gmail.com', 'default.jpg', '$2y$10$WGW0On4iQxy4wcqm9et3Ked8ZdSQ38RUPDVFomE1p0okLxGM2dkL.', 2, 1, 1602827895, 'SMAS AL ULUM', '', 'Medan', '', NULL),
(267, 'Nabila Aztianissa', 'nabilaazti31@gmail.com', 'default.jpg', '$2y$10$ECdADpppglUyYDW3EZkeZ./amdXAngGNcVd6zeoPuDlUg2BRWNifO', 2, 1, 1602829497, 'Sma 1 muara enim', '', 'Palembang', '', NULL),
(268, 'Nabila Aztianissa', 'nabilaazns31@gmail.com', 'default.jpg', '$2y$10$FA/6/Iju/fwgK5EKeYrNPez3mhRCCIvHcmMrucFHOOr/Ja.4nLdMm', 2, 1, 1602831115, 'SMA 1 Muara Enim', '', 'Palembang', '', NULL),
(269, 'Mochamad Bilal Totti Wimansyah', 'youragaming26@gmail.com', 'default.jpg', '$2y$10$Suitv9huT.M2hUJRH9/7H.tYxLh2APcgZ4Nu0MphNu92P8oaMsGxi', 2, 1, 1602834881, 'SMAN 1 JEMBER', 'mbilal_totti', 'Jember', '082337349884', NULL),
(270, 'Meyranti Solihat', 'solihatanti@gmail.com', 'default.jpg', '$2y$10$HHyF5fIbYJ2q7tGO0RxOluwaKAo4nUI6RqRlqqtkGtJPHxfFOk7FC', 2, 1, 1602842177, 'SMAN 12 DEPOK', 'meyyyyiii', 'Depok', '089660868740', NULL),
(271, 'Indah Putri Rahmawati', 'indahpoe2016@gmail.com', 'V_20200803_053048.jpg', '$2y$10$FOn6CoLGZ920XeG75fQzbu8DjvA/KZVp2g/jm.5pPBlQ0uVO5PWRG', 2, 1, 1602845375, 'SMAN 1 Banjarnegara', 'creosq', 'Banjarnegara', '085799655498', NULL),
(272, 'Keysa Shiyanita', 'keysashiyanita.ks@gmail.com', 'default.jpg', '$2y$10$L091xzrq5jxL70LIvgSLWe2RvvaZwZQdgwcy/I7ugtyEPGVERJImi', 2, 1, 1602849592, 'SMAN 12 Depok', '', 'Depok', '', NULL),
(273, 'valada lf', 'valada12lf@gmail.com', 'default.jpg', '$2y$10$5E4r0s5ujk8v.rfpG6PeHOo80oT.Hmbl71gtNDyO0B08DE4Trmq4G', 2, 1, 1602853814, 'SMA N 1 Banjarnegara', '', 'Banjarnegara', '', NULL),
(274, 'Habib fr', 'fatkhulrohmanhabib@gmail.com', 'default.jpg', '$2y$10$pSDI2AXdS3NmfOzNDpge0u53kUtdILjG24gnCMSzt8zzsxn8SiQm6', 2, 1, 1602853909, 'Man 3 Magetan', '', 'Magetan', '', NULL),
(275, 'Heyyoww.ow', 'kaptenh257@gmail.com', 'default.jpg', '$2y$10$WXv8pum6RL0niK5Uy.bsd.1zCS52oyEFPtveZpdfD7CBl/OI/JPGO', 2, 1, 1602855812, 'Hogwarts', '@heyyoww.ow', 'Manasaja', '08114229995', NULL),
(276, 'ardhini aprilianty', 'ardhini2017@gmail.com', 'default.jpg', '$2y$10$rSWZwbbCGQxoCmPcLNp22OBKZQl.ifdFVD0d1joJ9UxC2Xew5B9ca', 2, 1, 1602857919, 'SMA N 1 LANGSA', 'gaktaupunyasiapaa', 'ACEH', '082361138434', NULL),
(277, 'Sekar Arini', 'srachmandaputri@gmail.com', 'default.jpg', '$2y$10$RcyFxrWszGvurO/MHtAtdOpdZzY3J5N75VzpZJQs99ruDJ/APLElO', 2, 1, 1602858359, 'Sekar', '@ingenious2021', 'Malang', '', NULL),
(278, 'LINA IDA WAHYUNI', 'linaidawahyunii@gmail.com', 'default.jpg', '$2y$10$OokM4GeQrOFUZ7jQ.otho.jbIGFt0hAkpn1oSQf/evdzR3jqjX0qW', 2, 1, 1602858380, 'SMA N 1 Wanadadi', '', 'Banjarnegara', '', NULL),
(279, 'LINA IDA WAHYUNI', 'linaidawahyuniii@gmail.com', 'default.jpg', '$2y$10$eMWYSUL2xtA2GQkrqRh81emhn3K5C4PAajZpKWvcsEkE5bbOQdn3e', 2, 1, 1602858451, 'SMA N 1 Wanadadi', 'lina_idaw', 'Banjarnegara', '6281226929350', NULL),
(280, 'Mohamad Arifin Husen', 'firarif17@gmail.com', 'default.jpg', '$2y$10$5gDF4UJI7ZejAFKUWv/zI.L74oCtQRVK11pGoXcBsIhs6CKM56Rwi', 2, 1, 1602859086, 'SMAN 1 Depok', 'ipinmasukptn', 'Depok', '087876103442', NULL),
(281, 'Shabrina Kansa', 'shabrinakansa293@gmail.com', 'default.jpg', '$2y$10$g3V1OW07Pi1XLFvjNz3l9uULHEzz5j/4Itxow30ICWqtdwai780Yq', 2, 1, 1602860997, 'SMAN 11 DEPOK', '', 'Depok', '', NULL),
(282, 'Shabrina Kansa', 'shabrinakansa11@gmail.com', 'default.jpg', '$2y$10$q2LqDe9krY3KVPQFT7xWMeJtCFu3iOnAsxcLubiSUwfSadAbiLDmy', 2, 1, 1602861082, 'SMAN 11 DEPOK', '', 'Depok', '', NULL),
(283, 'dila', 'fadillahaprilia611@gmail.com', 'default.jpg', '$2y$10$YZU7PIAkYkrxtb0move7XOjIfiX6V.9YYBQxoUOlS7aegzYQ.y5Mq', 2, 1, 1602879702, 'gapyear', '', 'medan', '', NULL),
(284, 'Daffa Akifah Balqis', 'daffaakifahbalqis01@gmail.com', 'default.jpg', '$2y$10$FfSMk.uaGeZbaVjEDbt9DuxH0749bfKVT2hefTzhPipLKoZuPY9ju', 2, 1, 1602886367, 'MAS Husnul Khotimah', '', 'Lampung', '', NULL),
(285, 'Indira Peristamaya', 'peristamayaindira@gmail.com', 'default.jpg', '$2y$10$iMSLmv2sri0CCZVlFaWxKe9VIBpDg8kzTaXGgqqLNF65aRidyrt5m', 2, 1, 1602903330, 'SMAN 1 BANJARNEGARA', '', 'Banjarnegara', '', NULL),
(286, 'Andhika Wilda Maulidhian', 'andhikawilda123@gmail.com', 'default.jpg', '$2y$10$lK2Q52INuZz5PRNatvgH8e0QQdml0ozh.0PR8WHpgfC90wTjASxp2', 2, 1, 1602908557, 'SMAN 1 Banjarnegara', '', 'Banjarnegara, Jateng', '', NULL),
(287, 'Lydia Nurwasti Napitu', 'lydianapitu@gmail.com', 'default.jpg', '$2y$10$3EdFIp8U8IXIsbwNewgAoO84XkQoO9uu12N5muca/rS..DBJWsPNi', 2, 1, 1602916760, 'SMAN 2 JAMBI', '', 'Jambi', '', NULL),
(288, 'Nova', 'kevintogar526@gmail.com', 'inbound1278866488817159792.jpg', '$2y$10$WIa36/OfZh6omHGDynsksuHU6RI3WeBPSfK5wMgmkWENtFAlBDtf2', 2, 1, 1602920517, 'SMAN 1 cipeucang', '@amniskt', 'Bogor', '08818099770', NULL),
(289, 'Cindy Tangdilintin', 'ctangdilintin@gmail.com', 'default.jpg', '$2y$10$z3QO4CM0mbhObY3u0KmsNuCYTnwV1qbHaroM/wZuELOuqBsvEIGOK', 2, 1, 1602921460, 'SMAN 1 Toraja Utara', 'tangdilintin_07', 'Rantepao', '082393052201', NULL),
(290, 'Raka rahadian', 'rakarahadian36@gmail.com', 'default.jpg', '$2y$10$TS4GepanMSg/5J8GGmqviu/qXYj0NSxNp2IzdpnYbp0soWMxQogZi', 2, 1, 1602923955, 'SMAN 3 PURWAKARTA', '', 'Purwakarta', '', NULL),
(291, 'Laela Nurfatimah', 'laelanf22@gmail.com', 'default.jpg', '$2y$10$UnfYKeAIEUuDiL2PyCu7ZO08vkX1AYBR/jyhLuyx/v9R2wmGLd9YG', 2, 1, 1602927287, 'SMA NEGERI 5 PURWOKERTO', '', 'Banyumas', '', NULL),
(292, 'Adinda Rizky Yudha Puspita', 'adindayudha54@gmail.com', 'default.jpg', '$2y$10$EL7d8i0X1E4Cjps3oP8wwOUSmP2VAM/Ry.2YKJUy1pOzwuyhCXgcW', 2, 1, 1602931383, 'MAN INSAN CENDEKIA JAMBI', '', 'Muara Jambi', '', NULL),
(293, 'Meiyanti', 'meiyantisimbolon16@gmail.com', 'default.jpg', '$2y$10$/I2VzS3N3zCyt2bz0qVnU.G0UiiITeYvb0JoHirT59dEXqO8TBbua', 2, 1, 1602933773, 'SMAN 1 Serang Baru', 'meiyantisimbolon16', 'Bekasi', '081283973302', NULL),
(294, 'MARIA TRIANI', 'iyyamaria21@gmail.com', 'default.jpg', '$2y$10$fpgKeXVz0XuBp.DbvCysOOZMlMBaAg7urweCKopuFgO1kdhFEx7B2', 2, 1, 1602934989, 'SMAN 1 TORAJA UTARA', '', 'RANTEPAO', '', NULL),
(295, 'Diva Noviyanti', 'divaanoviyantii@gmail.com', 'default.jpg', '$2y$10$X8YZwKlEOkzOD/9Yg.cXy.Lckee.dz2Huq4B7LE3ecnvwS2TKVZI6', 2, 1, 1602938676, 'SMAN 7 Surakarta', '', 'Sukoharjo', '', NULL),
(296, 'NATANIA THEOFANY PRAMUDITA', 'NATANIAPRAMUDITA123@GMAIL.COM', 'default.jpg', '$2y$10$5JgLt8l5ddpHb7kErZiA1OkuZrIQMFVLe37kL5fr./vm7KtAVth0m', 2, 1, 1602938783, 'SMAN 7 SURAKARTA', '', 'SOLO', '', NULL),
(297, 'SHELLI LAILIA', 'shelli02112002@gmail.com', 'default.jpg', '$2y$10$KEn1lawijuB3gjodSmzrkuG6nvtaMmvea0Jpfo80206ny0zZEsxo2', 2, 1, 1602938800, 'SMAN 2 Pare', '@shel_lailia', 'Kediri', '085259871104', NULL),
(298, 'Dita Noviyanti', 'ditanoviyantii10@gmail.com', 'default.jpg', '$2y$10$gQ3tSHORxm2wDvkNuJR5ZufUkY5KtIL4SYsCnme9tdsmCFQ0HmxPG', 2, 1, 1602938888, 'SMAN 7 Surakarta', '', 'Surakarta', '', NULL),
(299, 'Diva Nisfu Mustika', 'divanisfu@gmail.com', 'default.jpg', '$2y$10$G60TkkvEgrFLVM1C60ne4OWx1D759wLtN53w76hqyB4U9QbDh1bQi', 2, 1, 1602946268, 'Sman 1 kedungwuni', '', 'Pekalongan', '', NULL),
(300, 'Yuni harun marsella', 'yuniharun22@gmail.com', 'default.jpg', '$2y$10$tdPrUcwjcG7FcvA.MLLg8O7ob9wNrhwQxS3ODyMfaEJ0hs9O/x8a6', 2, 1, 1602957917, 'Sman 1 plus matauli pandan', '', 'Pandan', '', NULL),
(301, 'Beta maisaroh', 'betamaipkl@gmail.com', 'default.jpg', '$2y$10$slcI0Rf/Viky61dNWIzKkezMisLJcZUr9OdYSpeUxPtsVMWSzdkXe', 2, 1, 1602969047, 'Sman 1 kedungwuni', '', 'Pekalongan', '', NULL),
(302, 'Erlin Firdaus', 'erlinyuanita34@gmail.com', 'default.jpg', '$2y$10$BybdPs1b21l7wQuMsQrffeH33SIqQM2lZdSKCZtimld1ac0QLoKrq', 2, 1, 1603002292, 'SMAN AJIBARANG', '', 'Banyumas', '', NULL),
(303, 'Irma Zelvi Indriani', 'zelviirma8@gmail.com', 'default.jpg', '$2y$10$fcpGmeULOh1AUfFSPr/t2OH/859cBVzC4vaLf1tMOj58XNqDFGVh6', 2, 1, 1603011444, 'SMKN 2 Palangka Raya', '', 'Palangka Raya', '', NULL),
(304, 'Regitha bulan dea anggraeny', 'deaanggraeny02@gmail.com', 'default.jpg', '$2y$10$h2j9ptWCzI39BOm.r.esCuWvPWhfXfVWKzcmIFyRXdVjJ7UAeC9Ii', 2, 1, 1603012444, 'Sman 6 malang', '', 'Malang', '', NULL),
(305, 'Rida Putri Aurelia', 'rida.17rida52@gmail.com', 'default.jpg', '$2y$10$yjmsRQh5OrVZdE26OOXKHuNEmBWQIGPmT/IFZLU442VabBihkDd5S', 2, 1, 1603017360, 'SMAN 2 KUNINGAN', '', 'Kab. Kuningan', '', NULL),
(306, 'Indah Karisma Dewi', 'indahkarisma38@gmail.com', 'default.jpg', '$2y$10$PAuQraPAq5LnqRCWKFRc2.gpEzLD6Jpwqm4oJHjC09MxyMPqbZ0me', 2, 1, 1603046907, 'SMA NEGERI 76 JAKARTA', '@indahkrs25', 'Jakarta', '081574068481', NULL),
(307, 'Nur aini dwi restiana', 'nengaini238@gmail.com', 'default.jpg', '$2y$10$fMhenTD9LC/UCGwo0wP4m.T.IN5bsXpRCaq2jfNSmcTJ97jPWh3Di', 2, 1, 1603066309, 'Smk ymik', '', 'Jakarta Selatan', '', NULL),
(308, 'Syifa Ni\'matul Maula', 'syifanimatulmaula166@gmail.com', 'default.jpg', '$2y$10$wshW1m63pfVkkKmDS5M.RumQtCOnAXfK5ezU8myHUEvj/yLejo0kO', 2, 1, 1603093784, 'Man 2 Tasikmalaya', '', 'Kota Cirebon', '', NULL),
(309, 'Imas Santinah', 'imassantinah@gmail.com', 'inbound-605729890.jpg', '$2y$10$uF4Wb8Y6HXWkr6O9R91NQuxLmDG1KdCeif8kdRgfKqdmOWGCN6RKm', 2, 1, 1603201913, 'SMK Babunnajah', '@imas_santinah', 'Banten', '083897262807', NULL),
(310, 'Mirinda Nafsiyah', 'onamimskii@gmail.com', 'default.jpg', '$2y$10$QuBP1PwAF79vJ8uR6GzmIunzLfF4QQZGLoAnHjaQRo0xksze/yLQe', 2, 1, 1603228814, 'SMAN 1 Sidoarjo', '', 'Sidoarjo', '', NULL),
(311, 'Kharisma Elsy Ardianti', 'kharismaelsyardianti17@gmail.com', 'default.jpg', '$2y$10$kUidsQVe5Pshf017tMPnJuRXF5J0BoNSbYvVe5bL/hxQHZ.lVHAYe', 2, 1, 1603357445, 'SMA NEGERI 3 PEMATANGSIANTAR', 'Els_ard17', 'Pematangsiantar', '088807767093', NULL),
(312, 'Mario Dwi K', 'mariodwik@gmail.com', 'default.jpg', '$2y$10$6LnTSEzeebCEoDANyl2z4.eBB6mhkqTEAwYNikMthMdOtfU20uQ36', 2, 1, 1603372293, 'SMAN 2 BANDUNG', '', 'Bandung', '', NULL),
(313, 'Annisa fatikha', 'annisafatikha02@gmail.com', 'default.jpg', '$2y$10$UEHxYXw06ypV3Pg1mkNdlOu.ZdBj5Jll03gyPo28j1Xm6s5353egy', 2, 1, 1603442993, 'Sma science plus bq', 'Annisafatikha_', 'Sragen', '082266517602', NULL),
(314, 'MEUTYA LARASATI AGENG NURAZIZAH', 'tyaaalarasati22@gmail.com', 'default.jpg', '$2y$10$ZRCmhO9rqs3ePJYOA5DqF.TBgMYQjKnZXRqZsp6w6yc9uAUw6GG0G', 2, 1, 1604036414, 'SMAN 1 KABUPATEN TANGERANF', '', 'TANGERANG', '', NULL),
(315, 'Kusumafff', 'afina.kusumadewi@gmail.com', 'default.jpg', '$2y$10$a3.kS1A1GCr1x/KZjAk6NOJjv3w0u4a3tYZAbfNHxDVWb5K9Uyer2', 2, 1, 1604463744, '-', '', '-', '', NULL),
(316, 'Laras Eka', 'laraseka2002@gmail.com', 'default.jpg', '$2y$10$3BWiVokWQxeQ2vFIzBSAfuhitEm25URxf1SoSdjw2pYyXx3FFVWDC', 2, 1, 1604465241, 'SMAN 1 TANJUNGPINANG', '', 'TANJUNGPINANG', '', NULL),
(317, 'Stella STP', 'kittymiaw995@gmail.con', 'default.jpg', '$2y$10$OejnbfAnU1QW6Qk8NieH1O.guDx610rRvd8UP1XSmBtoBlwrKTI3C', 2, 1, 1604468194, 'SMA N 2 PLAYEN', 'kit_tymiaw', 'Wonosari', '087836370033', NULL),
(318, 'Havist Cahyo Pranyoto', 'havis.hc45@gmail.com', 'default.jpg', '$2y$10$sB05xW.XA3WkeaueJMISYe/aef7ZXNll9qX7qeGSJvOWS1MBj3F36', 2, 1, 1604468731, 'SMA N 1 WURYANTORO', 'havist_14', 'Wonogiri', '081327606896', NULL),
(319, 'Aluysa Erliana Assan', 'ichaassan06@gmail.com', 'default.jpg', '$2y$10$2B.diAyu1UfT8e5hEXMdS.DCwYD.3GhWn8xqYiWaADMN9mv1X.ny6', 2, 1, 1604469604, 'SMAK FRATERAN MAUMERE', 'ichaassan', 'Maumere', '082147511207', NULL),
(320, 'nabila aida', 'sashamaniez31@gmail.com', 'default.jpg', '$2y$10$G/.6LVwfHzEFhA/BUSd1NeRxklk/28/PzcBgjo8YRitFIIbOTyCVW', 2, 1, 1604469963, 'sman 8', '', 'semarang', '', NULL),
(321, 'Geraldine Ivana', 'geraldinivana@gmail.com', 'default.jpg', '$2y$10$wClwCIyRNDvjtoCrgOIT2OXhleJCUorzSkex82I7mrdA4dRtA.Ow6', 2, 1, 1604470325, 'SMAK Frateran Maumere', 'van_naaaa3', 'Maumere, Nusa Tenggara Timur', '082145330408', NULL),
(322, 'Inaya Ainun Nafisa', 'inayaainun22@gmail.com', 'default.jpg', '$2y$10$jEbqa.ZoM/JOHzvgnuSKS.qRkAfgSk4o7W1c7k87IU3Lwx8cEf3GO', 2, 1, 1604472567, 'Smkn 7 Yogyakarta', 'nafisaass', 'Bantul, DIY', '088232162191', NULL),
(323, 'Maryam khodizah', 'Khodizahmariam@gmail.com', 'default.jpg', '$2y$10$UfgfWVJg65odA8zEKUNkke6Rn1UuPUU3tLDM677p2lTVB.cV8B/M2', 2, 1, 1604473462, 'SMAN 3 KARAWANG', 'Scnmunxx_', 'Karawang', '085591395251', NULL),
(324, 'adi pratama', 'adiprizaldi@gmail.com', 'default.jpg', '$2y$10$aDtcegE/2UxorObzCsZkxOgTMzOP6IKUO.QDi9SmVicDmJ.Uew7sW', 2, 1, 1604473858, 'smkn 1 purwokerto', '', 'purwokerto', '', NULL),
(325, 'Dwi Wulandari', 'dwiwulandari2303@gmail.com', 'default.jpg', '$2y$10$PebxVFiAo8TrJRJiI3XOAuMwwEewyS2j.wf3GhoIsDil9YeSJ3gUq', 2, 1, 1604474425, 'SMAN 6 SURAKARTA', '', 'Surakarta', '', NULL),
(326, 'Muhammad Zulfikar', 'mzulfikar148@gmail.com', 'default.jpg', '$2y$10$wOkwPXhbV7KFlOEZepp61ORxg3XHAHexa4qd5xFJuA0JGeiFUCI/G', 2, 1, 1604475821, 'SMAN 9 Semarang', 'mzulfikar148', 'Semarang', '085951367002', NULL),
(327, 'Brigitta Pungki Yuliashari', 'Brig.yuli03@gmail.com', 'default.jpg', '$2y$10$Gs43wYVFvtC3eu6stkWY0ukgzpzhPobrkp/wcB.hsoUnMtdgonTZa', 2, 1, 1604477973, 'SMAN 2', '', 'Semarang', '', NULL),
(328, 'Adinda Ayu Renata', 'adindaayurenata17@gmail.com', 'default.jpg', '$2y$10$g.ESRcCqcmiCGLlFL5cXw./P5auz90PWf0kHHZgRlxiZlcSe9PYeK', 2, 1, 1604478863, 'SMA Kesatrian 2 Semarang', 'adiindarrnn', 'Semarang', '082264608625', NULL),
(329, 'Yosefin Widyastuti', 'jennihung02@gmail.com', '20200719_110714-removebg-preview_(1).png', '$2y$10$McdVvAh48uM96B4tNJoV2OJnhOW608Nc1g001Ykj0yLv.AWMN.ceu', 2, 1, 1604479240, 'Sutomo', 'fifina25 ', 'Medan', '082386107716', NULL),
(330, 'Qurrotul Ainiyah', 'qurrotulainiyah9b22.sooko1@gmail.com', 'default.jpg', '$2y$10$V2VUK1rPj3LQO1fx4ejNMuGlzPqfJcAFaZZOhkUqNzy9dULjD.zoC', 2, 1, 1604486318, 'Smkn 1 Sooko', 'ainiyah1001', 'Mojokerto', '', NULL),
(331, 'Hibar Buana Puspa', 'hibarbuana04@gmail.com', 'default.jpg', '$2y$10$VUFse6alaFifVhnF.7wXwuvKwfu96KossmDbIxfGrzu.QFb0D6c42', 2, 1, 1604486793, 'SMA NEGERI 1 CIKARANG UTARA', '', 'Kabupaten Bekasi', '', NULL),
(332, 'Onta arab', 'ahmadzein656@gmail.com', 'default.jpg', '$2y$10$21y3esm4Fh275C0SCG8/WOKfRJrTdWmpb92emDk/vUC2y9iPSbHtC', 2, 1, 1604487229, 'sma 1 banjarbaru', '', 'banjarbaru', '', NULL),
(333, 'Ira VIP Tambunan', 'iraviptambunan@gmail.com', 'default.jpg', '$2y$10$61wT0iwCNdI1iehLUy7sQeE5tXdANfvR1s8llaEeqdWbXWxbjnL/m', 2, 1, 1604488166, 'SMA negeri 8 Tambun selatan', '', 'Bekasi', '', NULL),
(334, 'mutiara siagian', 'mutiarasiagian12@gmail.com', 'default.jpg', '$2y$10$qWHrb5UsyxR7DR5iTZBfyuQvmlPjW1oL1AwIQx7VSUStSuiaNoCte', 2, 1, 1604491259, 'sman 2 semarang', '', 'semarang', '', NULL),
(335, 'mutiara', 'mutiarasiagian16@gmail.com', 'default.jpg', '$2y$10$3ti2NDVfZWg0m891rzERaeXWkYnKnoXeEMJJqlIEhvNX29Sj0spN.', 2, 1, 1604491348, 'sman 2 semarang', 'ste.eeeef', 'semarang', '081215391937', NULL),
(336, 'Safira Risqi Aprianti', 'safirarisqi6@gmail.com', 'default.jpg', '$2y$10$xNBZQOLdPo3E6s46PI8dMOAf3OdqqyMzAjov55lwHL65so.WOOGqe', 2, 1, 1604492468, 'SMAN 2 BONDOWOSO', '@safira_rsq', 'Bondowoso', '085330796272', NULL),
(337, 'Norfajriyah', 'nrfajriyah080603@gmail.com', 'default.jpg', '$2y$10$VEKfcyWLVuHS3hwS6EKBzufmb3rnCRpWzpZT.qehDXoDwbzc6sEbS', 2, 1, 1604492778, 'SMAN 1 ANGSANA', '@nr.faaaaaaa ', 'Tanah Bumbu', '082251044797 ', NULL),
(338, 'Fuji Adeliana', 'Fujiadeliana20@gmail.com', 'default.jpg', '$2y$10$8Crrxz/.VMM.L2eYadI2rOGapkC/t5DkuaPt5Lm7pV2CwN1Nm/KoS', 2, 1, 1604495067, 'SMK N 3 Bandar Lampung', '', 'Bandar Lampung', '', NULL),
(339, 'Rayhan Safito', 'rayhansafito6@gmail.com', 'default.jpg', '$2y$10$qAF.XtILqGpaHrZiRVhfBOEZAL5LRPbMGGi9RRDZ9l39naqXE8sxW', 2, 1, 1604495826, 'MAN 2 YOGYAKARTA', 'rynsft_612', 'YOGYAKARYA', '087828817747', NULL),
(340, 'Handaru Raditya Agung', 'adithandaru34@gmail.com', 'default.jpg', '$2y$10$hrrqb00JnJBEjnbSjqSWhOnlQt1HzEadBTYQW2zKg1KuPBCvHrJBq', 2, 1, 1604497106, 'SMAN 25 bandung', '', 'Bandung', '', NULL),
(341, 'Ivan Fatoni', 'ivanfatoni6@gmail.com', 'default.jpg', '$2y$10$j.dMEDxFIpu9bZ3ifdro8utbMri5n7TftY2cALl0QcUHDV3Z8GZB2', 2, 1, 1604497550, 'SMAN 1 Talun', '@ivan.frvnnn', 'Kab. Blitar', '085855639588', NULL),
(342, 'NATASYA AZ-ZAHRA', 'natasyarechan@gmail.com', 'default.jpg', '$2y$10$RaIPJpx.tlmxJDV8jWx90uYXJMTlPNWoPHypOi/HXalCJf3iskdyC', 2, 1, 1604499302, 'Smantenpdg', 'Sheyla.ptr', 'Pdg', '089617835514', NULL),
(343, 'M. Kemal Basthulbirri', 'kemal.imang@gmail.com', 'default.jpg', '$2y$10$14eAPxUpLJdtRZPS2VnO7etF/96mcBDfm6NNENN16jGhCFMOMX8MW', 2, 1, 1604501477, 'SMAN 1 KEDIRI', 'akumautryout', 'Kota Kediri', '082334918620', NULL),
(344, 'Diana Nurilla', 'dnurilla08@gmail.com', 'Snapchat-1213260598.jpg', '$2y$10$BTuITW7CLP/CmaSo8naPeOXoWMGPfmI/BXos28ri1euJJxo8chtFa', 2, 1, 1604501729, 'Sman 2 kudus', 'idayana0i', 'Kudus', '082136726183', NULL),
(345, 'Fava', 'ranatifasyahmitha782@gmail.com', 'default.jpg', '$2y$10$UNi9q3SUgZUcsqP.gT/XSuCApjL0SgJoKZH8PzTOTXYHoogUClOUS', 2, 1, 1604502284, 'SMK kgb', 'Fava', 'Bekasi', '0882-9350-0419', NULL),
(346, 'Laili Mukaromah', 'dailymalaam@gmail.com', 'default.jpg', '$2y$10$CTxq2/8T/RhaE3glZ./bKezEDUOFIYluvxjm6RkXeFNixHlOc4EQ6', 2, 1, 1604505972, 'MAN 1 SURAKARTA', '', 'SURAKARTA', '', NULL),
(347, 'Aprilia Dini', 'apriliadini1204@gmail.com', 'default.jpg', '$2y$10$vSCBwBbrpp2ReG6pS6BLu.bo.mj/gtquqBog55bk5hAXlNZLvwQgq', 2, 1, 1604510259, 'SMA 1 Bae Kudus', 'Apriliaa_dinii', 'Kudus', '085747077530', NULL),
(348, 'Rob', 'robertlimz077@gmail.com', 'default.jpg', '$2y$10$y.ZrYym1yUPdXxsQaiyXGes64NJy7HKL/jkXn1a/G9CIwWr0N4o.a', 2, 1, 1604510487, 'SMAS Kalam Kudus Medan', '', 'Kota Medan', '', NULL),
(349, 'Shafira Noerul Apsyii', 'shafiraapsyii@gmail.com', 'default.jpg', '$2y$10$/vJJ9k5BSyNYrDeN4ozBsOuLVth.KgXOfzWtOQDA3Cq3Z80X3MOse', 2, 1, 1604511481, 'SMAN 3 kabupaten Tangerang', '', 'Tangerang', '', NULL),
(350, 'Sasabella', 'bellasemith1993@gmail.com', 'default.jpg', '$2y$10$xdkRaswnD1X4kaYJF7cvo.9TcZKY6q0.MCtxk.XGRSGIJJ4REfHHS', 2, 1, 1604517144, 'SMA N 4 YK', '', 'DIY', '', NULL),
(351, 'Bilambis', 'nabilla.haniffah@gmail.com', 'default.jpg', '$2y$10$gZyefZjqBsArWvu8GzT.VOOc7Oja2NhoiS/W3x0wINRod0NDrtzZe', 2, 1, 1604525427, 'Sma negeri 1 temon', '', 'Yogyakarta', '', NULL),
(352, 'Safiera Eka S', 'galuhwandaekp@gmail.com', 'default.jpg', '$2y$10$Ivxp6oUzPc4bbXXVbx46Se4GDwB1GFH.bZLzf0fu0VWl/An5zMadO', 2, 1, 1604533945, 'SMAN 1 C', '', 'Gresik', '', NULL),
(353, 'HALIZA IKKA', 'ikkapratiwi33@gmail.com', 'default.jpg', '$2y$10$SYFcT0UVpqblUf8msO77E.VVtzxwcHZ95UIU7yDY0hqp9grFCamGu', 2, 1, 1604536578, 'SMAN 1 LAMONGAN', '', 'LAMONGAN', '', NULL),
(354, 'Annisa nurfadilla nugravita', 'anurfadilla26@gmail.com', 'default.jpg', '$2y$10$ER1pk0AQ0Z1DxDKjc6a4KOIOwWHE0EGTUAy3VtUF0KmDhch66wNAi', 2, 1, 1604536962, 'Sman 1 tanjung', '', 'Tabalong', '', NULL),
(355, 'MASHIHO', 'yhakini.id@gmail.com', 'default.jpg', '$2y$10$STWLSk/BA4XdF6lQLpMabuZ3mm1pxHoDIoMR4aHeEOhWGovLJf51a', 2, 1, 1604537030, 'SMA N 1 KEDIRI', 'aishaqisnaa', 'KOTA KEDIRI', '082131845534', NULL),
(356, 'Nur Adita Eka Yuniar', 'nuradita06@gmail.com', 'default.jpg', '$2y$10$ViBSgnmnLM5QRTbdEREcneiJSkct0UdEId1dNgBBhC8vwZEaVf0i6', 2, 1, 1604538444, 'SMAN 1 kebomas', '', 'Gresik', '', NULL),
(357, 'Abyra nadine', 'Salsaolivia63@gmail.com', 'default.jpg', '$2y$10$qLJtF9WXLuZNl2fyuIDii.eKAvTpYELqyGU2XV3V/fv5FA4dToTJu', 2, 1, 1604539823, 'Hidayatunnajah', '', 'Bekasi', '', NULL),
(358, 'Yusma Cantika Parhati', 'yusmac16@gmail.com', 'default.jpg', '$2y$10$jUn499q9Nom8riZN3qGNDu616tl9X5qapImYs2afgQqXHZtQb6ZiW', 2, 1, 1604540284, 'Purwakarta', 'yusmacapar', 'Purwakarta', '087824774345', NULL),
(359, 'Mei Fifa Zulianti', 'meififa25@gmail.com', 'default.jpg', '$2y$10$jK2sRe0BoO561U7FEVPS0OxKPpJe0NwA0RmSaoTotVZsElZdj73sa', 2, 1, 1604540814, 'SMAN 1 KEBOMAS', '@sejarah.myo', 'GRESIK', '085895069140', NULL),
(360, 'Fuja Alifia', 'f.alifia08@gmail.com', 'default.jpg', '$2y$10$760drTj3I4q.SXBcuD0u0eJ4nU29qLyL.IVubsjqxiWAh.zSYZ/iC', 2, 1, 1604541320, 'SMAN 8 Depok', '@calonmabaugmuhuy', 'Depok', '089636185398', NULL),
(361, 'Alwi pratama', 'alwigra2@gmail.com', 'default.jpg', '$2y$10$lRIgrRWjDNNyIxVd4ahGUuBrJWHJ2Cqga3hX6yWpBig43yIzbiqDu', 2, 1, 1604542158, 'SMAN 1 UTAN', '', 'Sumbawa', '', NULL),
(362, 'Farhanah Maulinda', 'Farhanahmaulinda30@gmail.com', 'default.jpg', '$2y$10$n6Phuv2bAu0dYU4YExUUYe8.MWBd2pPAOTEBe8wkuTan364z1CmSa', 2, 1, 1604544096, 'MAS ANNAAJH', '', 'Bekasi', '', NULL),
(363, 'Luthfia salsabila', 'Salsabilaaja771@gmail.com', 'default.jpg', '$2y$10$XJOW0Tv1.koINwEBl6flneIvpa9mt4ygEyy1ueMz4cW8EGjsY6m2i', 2, 1, 1604544188, 'Ma annajah', '', 'Bekasi', '', NULL),
(364, 'Devani', 'vanninurfasya@gmail.com', 'default.jpg', '$2y$10$CgFOh.NUGMjtQYkW5TramuIy1K65bjomD.ljCnTxAGIeTuRyEZMLm', 2, 1, 1604549232, 'SMA', '', 'Cilacap', '', NULL),
(365, 'ADELLIA DWI MEISYA ARIANTI', 'adelliaarnt@gmail.com', 'default.jpg', '$2y$10$dlNC40EyLzfNurnHdg2jj.EXlS//VVB7z1eN0xUxmqAtXn8XM6BTS', 2, 1, 1604554532, 'SMAN 11 SURABAYA', 'me.isyaaaa', 'SURABAYA', '085855270399', NULL),
(366, 'Gerardo Martin', 'wewgu123@gmail.com', 'default.jpg', '$2y$10$i30kgQSzQyyN5IXPdZP/Y.gj7yUX9iPpF4W7wPo59aLhsKjGCOB32', 2, 1, 1604557313, 'Sman 5', '', 'Bengkulu', '', NULL),
(367, 'Randi', 'Randi@Randi.com', 'default.jpg', '$2y$10$3/us9i32CiIvTlV9RYhceOMmbobAOCan9RvSE15qvvU/qSZDZEI4S', 2, 1, 1604557318, 'Randi', '', 'Randi', '', NULL),
(368, 'Randi', 'vimenom347@jqjlb.com', 'default.jpg', '$2y$10$7jOqerxzMGv0Uz46qSqmNeQDc4oFygrzqgMUQLMvPWO.DnU.qLLHa', 2, 1, 1604557488, 'Randi', '', 'Randi', '', NULL),
(369, 'aw', 'gugeldrive23@gmail.com', 'default.jpg', '$2y$10$rCNHMJ9r.U9.z4BjRw5CveatcvEn.NYwnjv6QhwkhrDJXQ/.oixj2', 2, 1, 1604558002, '4', '', 'Kota Palembang', '', NULL),
(370, 'Silmi kamilah', 'silmik28@gmail.com', 'default.jpg', '$2y$10$i47dVcDMsGngAnSjA4oxzOkhyK3h9.2CZZa9pe9nqsWXCsBCoxmA6', 2, 1, 1604562372, 'Ma annajah', '', 'Karawang', '', NULL),
(371, 'fajar', 'fajarrivaldi2015@gmail.com', 'default.jpg', '$2y$10$KPD3fX6pfGinvTZLXy1NKe4lqh5loKK58U/YaS.W/mgg.yAMmRw7y', 2, 1, 1604562453, 'man 2 model medan', '', 'medan', '', NULL),
(372, 'syafiq m', 'syafiqsekolah@gmail.com', 'IMG_20200918_221951_110_1602483364777.jpg', '$2y$10$5ukVB2lLvvmATnh1bAuU.e9DJfLqDW9Lwq9/iHu2UjE2bEnmPt1aW', 2, 1, 1604563712, 'MA S AL IRSYAD', 'ffeeqq_', 'JEPARA', '089637008266 ', NULL),
(373, 'Nova Siti Julaeha', 'novasitij28@gmail.com', 'default.jpg', '$2y$10$btAn3AACyaiqxEiQT6.zte8O5QYHo17oXGSeVMe8FZwNNCmto3wy6', 2, 1, 1604565702, 'SMK BHAKTI KENCANA CILEUNYI', '', 'Kab. Bandung', '', NULL),
(374, 'Nova Siti Julaeha', 'nvsj28@gmail.com', 'default.jpg', '$2y$10$5BNVSYLkFKHeVUypEv4Kju/o90ARRwGp2DXSwL7i.n1paRMSb25S2', 2, 1, 1604565904, 'SMK BHAKTI KENCANA CILEUNYI', 'novaaasj', 'Kab. Bandung', '0895335740324', NULL),
(375, 'Epaniah Stepani', 'niaastepa@gmail.com', 'default.jpg', '$2y$10$EllWqu8y6zvHVMr.kIIhNeEpGJXzZYasOR3qLo0oFNzxeSTtrKWPS', 2, 1, 1604569442, 'SMA Batam', '', 'Batam', '', NULL),
(376, 'Bela puspitasari', 'Bellapuspitass11@gmail.com', 'default.jpg', '$2y$10$M41DxSo3pM/U6oqN1uugUuQOIlcumqcfmF0..iMfp9zZ3ymSGmdZC', 2, 1, 1604570955, 'SMAN 2 PPU', 'My.bijir_', 'Kalimantan timur', '0895412044474', NULL),
(377, 'Nyan', 'kittymiaw995@gmail.com', 'default.jpg', '$2y$10$u0FUu1Q/2CbXfEr8XZJDC.rMwfxCs7xm2MLXBRWSbBfjUkwpJG5AS', 2, 1, 1604580619, 'SMAN 2 PLAYEN', '', 'Wonosari', '', NULL),
(378, 'Andila Zarfinal', 'andilazarfinal@gmail.com', 'default.jpg', '$2y$10$9P/iE91/lvfideupnpumi.7tvrgW9q8W7.mc9FfD3/0oeMaHqOMme', 2, 1, 1604595744, 'SMAN 1 Sumatera Barat', '', 'Padang Panjang', '', NULL),
(379, 'Elizabeth Aprilia Mukti Prabawati Priyatno', 'elizabethaprilia1@gmail.com', 'IMG_20201030_070450_657.jpg', '$2y$10$h5bMuCyB1a49RM/CSRFrs.j07cI/huVG6yy1BQvdxmmGjDy1Yac1e', 2, 1, 1604619460, 'SMKN 2 Nganjuk', 'Elzabethapriliaa_', 'Nganjuk', '', NULL),
(380, 'Wahyu ryan saputra', 'wahyuryan.316@gmail.com', 'default.jpg', '$2y$10$Jb1TTQ5gXcoc1VBUakf0VOP8s4Th2O6nDkPJMxahulcsEBUp0KMZm', 2, 1, 1604626118, 'Sma muhammadiyah 1 way jepara', '@whyryn29', 'Lampung', '085709683112', NULL),
(381, 'Nisrina Mahdiya', 'nisrina.mahdiya@sman4sukabumi.com', 'default.jpg', '$2y$10$VNWf3kp6Q3I8bBr4rUEfJ.9bLnG3GiiCnzZ0.lDDStF433wDSMDdq', 2, 1, 1604626515, 'SMAN 4 Sukabumi', '', 'Sukabumi', '', NULL),
(382, 'Gracia Tara Tanonggi', 'graciataraaa@gmail.com', 'default.jpg', '$2y$10$9kjjLHStslNYHowWncbi5.vP2ahi7wKex.NymZ3znrSqKzABlBiAy', 2, 1, 1604627137, 'Smks Bopkri 2 Yogyakarta', '', 'Yogyakarta', '', NULL),
(383, 'Nadia A', 'Aambisaku@gmail.com', 'default.jpg', '$2y$10$md6O/ndB3Af7rqkFkAcxR.eXVMof5ZrHn8jZj/ORMtsWhZO2ZA.vW', 2, 1, 1604627644, 'Smas', '', 'Jawa barat', '', NULL),
(384, 'Endang Lasma Natalia Simalango', 'endanglasmanatalias12@gmail.com', 'default.jpg', '$2y$10$YvvLrOzwn4p8Va4Fx.PaQe/KAEu2/to41E7OdU/1CfbMZVwjErrDm', 2, 1, 1604631840, 'SMKN 1 Berau', '', 'Kabupaten Berau', '', NULL),
(385, 'GABBY NATASYA APRILIAN', 'gabbynatasya3@gmail.com', 'default.jpg', '$2y$10$Nx1cWivwiD9zB3zQ9SA/b.byHdEYv3gwdu01GahZl1HQE3aarpx0S', 2, 1, 1604637354, 'SMAN 3 SUBANG', '', 'Subang', '', NULL),
(386, 'GABBY NATASYA APRILIAN', 'gabbynatasya@gmail.com', 'default.jpg', '$2y$10$LEokRraXAJxTicmOp0brqO9k5mWtAhEvM9qTwKLpC67MxYdos/k9O', 2, 1, 1604637469, 'Sman 3 Subang', '', 'Subang', '', NULL),
(387, 'Selly Safitri Maharani', 'sellysafitrimaharani@gmail.com', 'IMG-20201104-WA0015.jpg', '$2y$10$wKi8xXSAGJ8QWYSokKiwHOtUvXIwd3dROgF.eUzUfDcbC3i7w6npK', 2, 1, 1604640195, 'SMAN 1 KOTA MUNGKID', '@sellyy21_', 'Magelang', '088980979458', NULL),
(388, 'Muhammad Herdianto Hanindyo', 'hanindyo19@gmail.com', 'default.jpg', '$2y$10$Mgdof340I9y9Tbr.B1ihAuGDusfXjL5qamR0ozMqEJAevRb3xoFna', 2, 1, 1604653170, 'SMAN 4 Surakarta', '', 'Surakarta', '', NULL),
(389, 'Reztia Windy Tariska', 'reztiatariskawindy@gmail.com', 'default.jpg', '$2y$10$K1GhhMT7xM31woSDBnzyHO4AVpVXVTMEt52TZ.c7hn5MUIPffLC8i', 2, 1, 1604655889, 'SMA NEGERI 18 Palembang', '@kpoyaaaaa', 'Palembang', '087749586422', NULL),
(390, 'Anggita Cahyaningtyas', 'anggitacahyaningtyas6@gmail.com', 'default.jpg', '$2y$10$36Re5eFQIh3cKDDVN.eHauCHNeUhaoTUs4qj.UgvmlkqoSkfZ0rca', 2, 1, 1604657252, 'SMAS Sutomo 1 Medan', '', 'Medan', '', NULL),
(391, 'Aprilia Nurcahyani', 'aprilian642@gmail.com', 'default.jpg', '$2y$10$dffUMZxVQl4hQNNZY0/6reCAKkPVLoWNro/sHEwbQRI/DVySGxH/K', 2, 1, 1604665979, 'sman 2', '', 'SAMARINDA', '', NULL),
(392, 'Dewi Moria', 'dewi020703@gmail.com', 'default.jpg', '$2y$10$jjz1FvTur0kO.BiOlFyIMerX9DfizJJRgmL5rp2sDksB4bbIMPOOG', 2, 1, 1604676571, 'SMAN 1 Sidikalang', '', 'Medan', '', NULL),
(393, 'Marfa Audilla Fitri', 'marfaaudilla19@gmail.com', 'default.jpg', '$2y$10$myD9EbJtF7KKkc9Yrlj4Fe7cvQG7IuNATcHOpoC8pOythHt.6.Tay', 2, 1, 1604692176, 'SMAN 5 Surabaya', '', 'Surabaya', '', NULL),
(394, 'Riska Feradina Tamba', 'riskatamba05@gmail.com', 'default.jpg', '$2y$10$sqMcd6enf4gH.m7N0CQ2MOfsa79ESEeTEVYo6hE9ZL.qy/Yz11zCC', 2, 1, 1604707765, 'SMA N 1 DOLOKSANGGUL', '', 'Doloksanggul', '', NULL),
(395, 'Ananda', 'anandarhm17@gmail.com', 'default.jpg', '$2y$10$bBxtO/kdsq/eViB1eXPqtucvwz2MhAtHokzUHgOgMK5hxR5fD8RUG', 2, 1, 1604718429, 'SMKN 20 JKT', '', 'JAKARTA', '', NULL),
(396, 'Dhiyaa Amalia', 'dhiyaaamalia02@gmail.com', 'default.jpg', '$2y$10$nYra19VwMd85qK7iXCcMseY28ja0m4wRgNHgWzIBTCeC5me4SeEs6', 2, 1, 1604721464, 'SMAN 7 JOGJA', '', 'JOGJA', '', NULL),
(397, 'Farhan Setiawan', 'farhans4777@gmail.com', 'inbound3539798981034772007.jpg', '$2y$10$moDd/RzP88Vtt10OKSaI8OVNnrXnOmoM1A0ShH27p/HdQdC3dpUfO', 2, 1, 1604723791, 'SMAN 113', 'farhn_its', 'Jakarta timur', '087884541139', NULL),
(398, 'Kurnia Marika G.K.', 'gadisk17@gmail.com', 'default.jpg', '$2y$10$DAPGEZdCJxOOdX.vRHwQ5eZhuuQtK2RqWB97xhXc8NXlGASTHRsmG', 2, 1, 1604728384, 'SMAN 1 SURABAYA', '', 'Surabaya', '', NULL),
(399, 'Muhammad Abi Hanif', 'muhammadabihanif@gmail.com', 'default.jpg', '$2y$10$AqoDwd6dnbBJeeAJvO/go.CzLU1hjjCeRB3Vq9K.1oJntNKIwKXFC', 2, 1, 1604728472, 'MA Al Hikmah Bandar Lampung', '@mabihanif_', 'Bandar Lampung', '', NULL),
(400, 'Fangkh Faturrohman', 'fangkyfatur@gmail.com', 'default.jpg', '$2y$10$D3aXl.nMxG9efP3rgimYoOKWCjA.TzGoOfqcELCjZi4wzcj0c.lWK', 2, 1, 1604728501, 'SMA N 1 KURIPAN', '', 'PROBOLINGGO', '', NULL),
(401, 'Muhammad Farhan Salam', 'salammuhammadfarhan@gmail.com', 'default.jpg', '$2y$10$SWEIy.RcoV0N84z7sgpvLOZzLWjUS3GJuCsTZuER4df89PKsVT97i', 2, 1, 1604729022, 'SMAN 1 Sumatera Barat', '', 'Padang Panjang', '', NULL),
(402, 'chika', 'rizqameliza@gmail.com', 'default.jpg', '$2y$10$4o2mU1pY9n3939KcyJI1gOPTLrbkyMKDLKiExo6JXtIzfxdNVzqJe', 2, 1, 1604729900, 'SMAN 63 JAKARTA', '', 'TANGERANG', '', NULL),
(403, 'Asri Putri Maharani', 'asriputri125@gmail.com', 'default.jpg', '$2y$10$NsXRK7N/QVcBlOXGDWTOheh.g9TkUGNG7ueGLDTHVVszxZb54MWIm', 2, 1, 1604738515, 'SMK Negeri 1', '', 'Surabaya', '', NULL),
(404, 'Priskila Narwastu', 'kilamora18@gmail.com', 'IMG_20201101_175736_604.jpg', '$2y$10$hf3hmrKemr1S0yPwuybOJ.tKehlCuwzs4oHEp56H3cdm4euZaUDFi', 2, 1, 1604739073, 'SMA Katolik Trisakti Medan', 'kilamora18', 'Medan', '62895341217359', NULL),
(405, 'Atiks', 'atikahmarhamah@gmail.com', 'default.jpg', '$2y$10$iFqgMuDHlnTkk4rH.IK6t.mhxFtr8EpWZVzFGNNNZ8jJAamsw2u7u', 2, 1, 1604739923, 'Sman 15', '', 'Medan', '', NULL),
(406, 'Yuni Rahma tanti', 'yunirahma369@gmail.com', 'default.jpg', '$2y$10$yFAl4xhQNLynUXE4o7QMYuKW5jgPq0mB8Uy7ioYJAaUTCkYhaeTl.', 2, 1, 1604742187, 'SMAN 4 sampit', '', 'Kotawaringin timur', '', NULL),
(407, 'Ardilla putri', 'Ardilla4433@gmail.com', 'default.jpg', '$2y$10$w8R8oanYSQA18otpDNqROukb9cJkz7Z0YimlVIekQp/OvPxgtlahC', 2, 1, 1604742834, 'man 2 pontianak', '', 'pontianak', '', NULL),
(408, 'Arifka Brilliana', 'arifkabrilliana12@gmail.com', 'default.jpg', '$2y$10$LE.sQiaNDps1X8WaAmydHeTQDTPBagi/rDPWrTfYCKcct8V9jIrn.', 2, 1, 1604743146, 'SMA negeri 1 WONOSARI', '', 'Gunungkidul', '', NULL),
(409, 'bublebee', 'yessanetha@gmail.com', 'default.jpg', '$2y$10$m43Kl079YBG/K347/i/gaebEx.Lj8P8VXW/9dckanfXlPoYH2KYsi', 2, 1, 1604745323, 'sma n 1 sukoharjo', '', 'sukoharjo', '', NULL),
(410, 'Difa Aulia', 'difaak15@gmail.com', 'default.jpg', '$2y$10$t2OeyD9ApJwA3wTr5bK/MeYMhvc2ywixyQHbBrPfR.A2SzJDUUjHi', 2, 1, 1604749936, 'SMAN 28', 'difaa.k', 'Tangerang', '085893068545', NULL),
(411, 'Alfa Meisa', 'alfaameisa@gmail.com', 'default.jpg', '$2y$10$r2aNzCoWO4GRhtvS3Ilc.OARxlqzQ8Om4tQTI4kOpYWdgAgT7WOwS', 2, 1, 1604751531, 'SMAN 1 Brebes', '', 'Brebes', '', NULL),
(412, 'Farikah', 'farikah14@gmail.com', 'SAVE_20201101_204931.jpg', '$2y$10$yDkvMws4fj5DxF8EfUnPwOSXME8yJOwlcueQoIZPJVCy4do3sa8he', 2, 1, 1604752229, 'SMA N 1 Gegesik', '@frkhh14 ', 'Cirebon', '089691441738 ', NULL),
(413, 'Deviani Fatma Sari', 'deviani2602@gmail.com', 'default.jpg', '$2y$10$9xxsUU1OTorS7Oe5.9SDNuR0ID09QNe41Wc7Qy9D4BhpDwf28FkUa', 2, 1, 1604758584, 'SMK N 2 Klaten', '@deviifatma_', 'Klaten', '0895366201467', NULL),
(414, 'Levina Abidha Damayanti', 'levinaabidha@gmail.com', 'default.jpg', '$2y$10$bV46Xd4Lq4wRyNfy.3kz7uMtZdX.nSQyPjhqRttQGcQqZwOfsjJi2', 2, 1, 1604759058, 'SMAS BRAWIJAYA SMART SCHOOL', 'levina.abidha', 'Malang', '081357988182', NULL),
(415, 'Amelia Rifandini', 'akusayangkamu4523@gmail.com', '20201007_174320.jpg', '$2y$10$sJWdcbugfEk6l3emI82fR.EocYo9RKyDBiVcJgctbvT.oC8B4I7w6', 2, 1, 1604761419, 'SMK Kesehatan Fahd Islamic School', '@Ameliarfndn_', 'Bekasi', '081907084456', NULL),
(416, 'Steffany Dilent', 'steffanydilent777@gmail.com', 'default.jpg', '$2y$10$IJja3gOOHhoYvikmQaJK6eFUbUicDP/ROeIhxDwX9h9BBjQTeUW1y', 2, 1, 1604762851, 'SMA STELLA DUCE 1', '@steffanydilent', 'Yogyakarta', '', NULL),
(417, 'NUR KHOLISAH', 'nurk85096@gmail.com', 'default.jpg', '$2y$10$4Gv5YN7T8xwA6CSYMX/rV.ruF7Q9RDY5c/KmFOyRhqOrY//XhNoQS', 2, 1, 1604763371, 'SMA NU Juntinyuat', '', 'Cirebon', '', NULL),
(418, 'Irfan Mutaqin', 'irfanmutaqin0670@gmail.com', 'default.jpg', '$2y$10$be9hFgH6PF3PHZyrwGQL0OgZEzPnmw0SgtIdzXr858fNyNBZDSqfu', 2, 1, 1604765998, 'SMAN 2 TEGAL', '', 'Tegal', '', NULL),
(419, 'ARIEF SAMOSIR', 'ariefsamosir040403@gmail.com', 'default.jpg', '$2y$10$wDes/5mQL51wtQ7JeFV5fu6H3VpeIiQ53y.Fa5yiVfobJTqS2pdQG', 2, 1, 1604773566, 'SMAN 1 SILIMA PUNGGA PUNGGA', '', 'MEDAN', '', NULL),
(420, 'Mila Octaviana Sari', 'Rinkitaka15@gmail.com', 'default.jpg', '$2y$10$RZxhiRdLzQOcJqI0MAKtPOKdFrw8WQSJY91VKfRSy0h/vg8OTKtg6', 2, 1, 1604785585, 'Ma. Maslakul huda', '', 'lamongan', '', NULL),
(421, 'I GD KHRISNA S.D.P', 'khrisna120703@gmail.com', 'default.jpg', '$2y$10$z0T..fQjjBI1hoJyE3K9JurG0jhkgWVCyqD.bKnMVR3BmwHVCb3lS', 2, 1, 1604797549, 'SMAN 4 DPS', '', 'BALI', '', NULL),
(422, 'zata ismah sumayyah', 'awwekersejen@gmail.com', 'default.jpg', '$2y$10$dMqmllG178KJWlgbJuHf/OtsI88X8tngacCWRz.9lyOxcChYE1W7u', 2, 1, 1604797587, 'MAN 8 JAKARTA', '@zataismhs', 'BIMA', '088707734570', NULL),
(423, 'Yasmin Arum Sari', 'yasminarumsari@gmail.com', 'default.jpg', '$2y$10$qMczSoiJXnhfuadQwaETEeuugtT3euiYCp5omQVVMHlvjGUWb.QpG', 2, 1, 1604797779, 'SMA Negeri 2 Kota Tangerang', '', 'Kota Tangerang', '', NULL),
(424, 'Rana septia rizqyani', 'ranaseptia28@gmail.com', 'default.jpg', '$2y$10$dVEIihTZjA2dEYk222EUNeTJmTCZ2ESpTIuJxGzKYiSgcw.pkTdEG', 2, 1, 1604802873, 'SMK kesehatan Fahd islamic school', 'ranasptia', 'Kabupaten Bekasi', '089506087731', NULL),
(425, 'Raihan Putra Aulia', 'raihan080903@gmail.com', 'IMG-20201115-WA0000.jpeg', '$2y$10$c9m/4Gp3Tmk8j0wfbp9Hzu8LGccdSBIObNLjfRaMsxI08iL9vLB8O', 2, 1, 1604805556, 'SMAN 12 Depok', 'hanpejuang21', 'Depok', '089531525679', NULL),
(426, 'Muhammad Mu\'irfan', 'aryar4807@gmail.com', 'default.jpg', '$2y$10$ftyqYGuw5NzIzxwuUotswOj5/tT5q/NsdxJuoBC3xoi.0nis0tK.W', 2, 1, 1604805706, 'Ma Maslakul Huda', '', 'Lamongan', '', NULL),
(427, 'Anggita melysha raswati', 'tradesya@gmail.com', 'default.jpg', '$2y$10$ThKk15OWDs/1Yr6b3o9TEuEwIs2cfzHBloxBykZffJJB68OkPfk3a', 2, 1, 1604815895, 'SMAN 11 TANGERANG', '', 'Tangerang', '', NULL),
(428, 'tarocoffa', 'evitahardiyanti6@gmail.com', 'default.jpg', '$2y$10$d3F.eFR94VZaR8EnWwDXPuvAxMLevsn24ho8wOLcgSDb5nFEkLsge', 2, 1, 1604818469, 'Sman 7 Tambun Selatan', 'fulloffolky', 'Bekasi', '0895332249845', NULL),
(429, 'user', 'infodcc.21@gmail.com', 'fond-decran-hd-gaming.jpg', '$2y$10$BIZ93R4Klq5gtevegkG89u5tuz94ZknEakRKDtj3ifasgNGkpM/aO', 2, 1, 1604819620, 'SMAN4', '', 'Siantar', '', NULL),
(430, 'wina hesti yulika', 'winahesti41@gmail.com', 'default.jpg', '$2y$10$OWqyVVCnrT84qa124yDtw.kK5ZOgTNVpx1iWFwK8ry9RCHSpxemUC', 2, 1, 1604829450, 'sman 1 boyolali', '@winahes', 'boyolali', '089603626058', NULL),
(431, 'Andi Riska Amalia', 'andiriskaamalia00@gmail.com', 'default.jpg', '$2y$10$exqt1gKFbdpiqu6h45SRkOdlMavfF7clsob6zogk6k5tVFtYqypLa', 2, 1, 1604830159, 'SMA negeri 5 sinjai', '', 'Sinjai', '', NULL),
(432, 'Marlena', 'marlinaekaputri40@gmail.com', 'default.jpg', '$2y$10$22CFuoKKOUDraUejzoP2veFG0.Y1.dbDLhStjDniQ72jpGLLpVG4e', 2, 1, 1604834157, 'SMA', '', 'Sukoharjo', '', NULL),
(433, 'Revita nur shafira', 'revitanurshafira2016@gmail.com', 'default.jpg', '$2y$10$zl5MqknmM8IN44RGjYvC4O1wmFjc4PEC.qbywP97tEvDTHFHxyJbG', 2, 1, 1604839741, 'Smk kesehatan fahd islamic school', 'revitanur_shfr', 'Bekasi', '0895330675677', NULL),
(434, 'GERALD TIMOTHY MARPAUNG', 'timothy.marpaung.gerald@gmail.com', 'default.jpg', '$2y$10$ci0rVYNZQ39iQjUtmOqgieCCUdmHEYguHAKXym1Pax22WiC3m0L/O', 2, 1, 1604849603, 'Sman 13 Bandung', 'Itsmetimothy', 'Bandung', '', NULL),
(435, 'yourcrush', 'taniaaurel@icloud.com', 'default.jpg', '$2y$10$rqH42dhPhtnw5z9mMb4WEuMojDPcwVcoH2lNXjtrtGwsNzGzoOxti', 2, 1, 1604851567, 'sman 5', '', 'metro', '', NULL),
(436, 'Aprilia Anggraini', 'anggrainia017@gmail.com', 'default.jpg', '$2y$10$c5cQtgoCCD0NLaljowDIm.fFF6pnyoFIdvPC8QGtQ/J/SE.HP4iTO', 2, 1, 1604855292, 'Sma n 2 sukoharjo', '', 'Sukoharjo', '', NULL),
(437, 'Silvia Lativah', 'silvialativah05@gmail.com', 'inbound6965864395458282103.jpg', '$2y$10$Mn6x9Q7.SHXAKTf4hSY1i.6oeQ6TvXQHripFt5iCpqbrmshxRXLJW', 2, 1, 1604865228, 'MA MAMBA\'UL ULUM', '@lativaaah_', 'Tanggamus', '081632238095', NULL),
(438, 'Nazwa Thoriqul Jannah', 'nazwathoriqul.j@gmail.com', 'default.jpg', '$2y$10$KpDyY7upFSstdssvWboyVelZw13x.hRo.vD5oLtyS9Hn159jwX7Em', 2, 1, 1604881359, 'SMAN 1 TASIKMALAYA', '', 'Kota Tasikmalaya', '', NULL),
(439, 'Haura AN', 'haura30an@gmail.com', 'default.jpg', '$2y$10$oBRb3Tcuw5G3JJHcNsVDCu0.EI0FCOXc4yny1XcK2yUsy2yRWqcRu', 2, 1, 1604888323, 'SMAN 11 Medan', '', 'Medan', '', NULL),
(440, 'Haura AN', 'sofira414@gmail.com', 'default.jpg', '$2y$10$TZCw0ZdNef5S2D4RPi38jezJE2QfnQCfzxLKYtnImLSDQw.vf/CIq', 2, 1, 1604888353, 'SMAN 11 Medan', '', 'Medan', '', NULL),
(441, 'Nabila absharina Herman wr', 'Nabila1427143@gmail.com', 'default.jpg', '$2y$10$3anPdVh/uPyj2Zr93yT1Ser/xg3i1gQUb0amoYh3cUDbP/zzw2Pa.', 2, 1, 1604895588, 'SMK NEGERI 8 BANDAR LAMPUNG', '', 'LAMPUNG', '', NULL),
(442, 'Rinda Agustina', 'rindaagustina858@gmail.com', 'default.jpg', '$2y$10$D.x2knMeC8ibvjXeQWUDH.YvFCzRZI4sCtUwXQC07J3wSv7HhXs2W', 2, 1, 1604895678, 'SMAN 1 TALAGA', '', 'Majalengka', '', NULL),
(443, 'Sinta Bela Agustina Rahayu', 'bsinta593@gmail.com', 'default.jpg', '$2y$10$NYn3RT/ypjfN6prKhkDua.6D38f1laHoSTyXRTk0/2A0SOHPsxH4q', 2, 1, 1604897319, 'SMAN 1 TALAGA', '', 'MAJALENGKA', '', NULL),
(444, 'Cicilia Afrilia Damayanti Simbolon', 'ciciliaafrilia19@gmail.com', 'default.jpg', '$2y$10$U/ee.59RiPJt278gbFW5sev29v/9m4Kykk87POr/Wm8WYekKfgzJO', 2, 1, 1604901624, 'SMAS Mardi Waluya', '', 'BOGOR', '', NULL),
(445, 'MUHAMMAD FAIZAL HAFIZI', 'faizalhafizi82@gmail.com', 'default.jpg', '$2y$10$vFQ03E8q3xBl6w/h6I/kguGwL4wzQcwJtBZMKCrWz98CIOe4DBMnS', 2, 1, 1604905478, 'sman 1 srengat', '@faizalhfz82', 'BLITAR', '085843880863', NULL),
(446, 'Ineke Nurmalasari', 'nurmalasari.ineke18@gmail.com', 'default.jpg', '$2y$10$JBqarVCuvSM44nohQ1Sv8OAGSW2rh3eISDUUexb93LcBkChA7Xonq', 2, 1, 1604908169, 'MAN 1 TEGAL', 'N2two_', 'Tegal', '085886825653', NULL),
(447, 'Ariq Adjie Pangestu', 'ariqpangestu@gmail.com', 'default.jpg', '$2y$10$4o/crI0oOGZQ/ovnAaAfzOK0GAqgcB/.xuY70ifUTLn32c9/6BNRq', 2, 1, 1604908926, 'SMAN 1 PURWOKERTO', '@ariqpangestu167', 'Banyumas', '081310809219', NULL),
(448, 'Muhammad Daffa Putera Alfian', 'dffpro7@gmail.con', 'default.jpg', '$2y$10$xUA6S4m/ttiJKJ6rhgy.WuUAA0TNrtrj0xv1m6PpLYEQZ/XdzNxhy', 2, 1, 1604913743, 'Foursma', '', 'Denpasar', '', NULL),
(449, 'RAYHAN KIMI NABIEL ATHALLAH', 'kemeeexd@gmail.com', 'default.jpg', '$2y$10$HcTcq1/jLDrlCeBY1KMoFOK715QFo.kwtcQzjBn.5StFE3f8VcovO', 2, 1, 1604914397, 'SMA NEGERI 1 KUTA', '@rayhankimi', 'Badung', '089638160090', NULL),
(450, 'Winarisya Andini', 'winarisyamobile@gmail.com', 'default.jpg', '$2y$10$xAdqQXAmLiZsMHGJVinuMOvM.vRR34dLa5XkCjrFvsHCRSQGhVOo6', 2, 1, 1604966394, 'SMAN 1 Kotabumi', '', 'Lampung', '', NULL),
(451, 'Devon Yang', 'devonyang555@gmail.com', 'default.jpg', '$2y$10$iNm/0dtbVCGROG/V4SglyuJoQylFrb2ROJ4hKuvVYZpytYlwjR5Vu', 2, 1, 1604982738, 'SMA Santo Yakobus', '', 'Jakarta Utara', '', NULL),
(452, 'Devon Yang', 'devonyang@gmail.com', 'default.jpg', '$2y$10$BEhfgi3edzywyA8tTjEH8etDtDZ0YbbZX.4/fyw3WIwi76odiO3Ti', 2, 1, 1604982770, 'SMA Santo Yakobus', '', 'Jakarta Utara', '', NULL),
(453, 'Cavin purba', 'yeremicavin@gmail.com', 'default.jpg', '$2y$10$cWCChHquqcm3sBlJIO.AqOu9oj9z0nzKfW6hBdnYaRU9/L1K27tpy', 2, 1, 1604989095, 'SMA swasta RK bintang timur pematang Siantar', '', 'Pematang Siantar', '', NULL),
(454, 'Adeline Vattieca Yolanda', 'adeline.yolanda04@gmail.com', 'default.jpg', '$2y$10$oPp8wcc92j5HGt0G79pRk./NPmyFrQhKifHmU77m.iee8l2nl630e', 2, 1, 1604995352, 'Smas Methodist', 'adelinee.97', 'Binjai', '081396959493', NULL),
(455, 'Farhan Setiawan', 'farhanst777@gmail.com', 'default.jpg', '$2y$10$Mn/PxjqTkRTzK6kXkasmTuifYkiw68yJ47DzfaDUEuFoaWYIaMJXS', 2, 1, 1605002536, 'SMA 113', '', 'Jakarta timur', '', NULL),
(456, 'Nazwa Kania', 'kanianazwa04@gmail.com', 'default.jpg', '$2y$10$rdUOe2dQEDnFgNB3J.gojOdUCB785/UtMGEEOCJZiHoIuLLlYkwlq', 2, 1, 1605010163, 'SMAN 2 KUNINGAN', '', 'Kuningan', '', NULL),
(457, 'Indra Juliansyah Putra', 'mrindrajuliansyahputra10@gmail.com', 'default.jpg', '$2y$10$3BX0yGjy6O9eDhX20XCr4uudWkef.EwpIm.oC4O094Y7oH/u1lVOa', 2, 1, 1605015635, 'SMAN Sumatera Selatan', '@abdulgani1240', 'Palembang', '081541114284', NULL),
(458, 'Naira Julian Belvalina', 'alinjulian28@gmail.com', 'default.jpg', '$2y$10$GDXd9q1pO2h4fqBLd4Z4ZOqV8wiOj93vC3VhPbX30odg73OQ1Oshi', 2, 1, 1605017773, 'SMAN 1 DRIYOREJO', '', 'Gresik', '', NULL),
(459, 'DINDA AYU', 'dinda.dindaayu2001@gmail.com', 'default.jpg', '$2y$10$73S.yBOSqz00ROoaBOuFb.ciQoYa65BPTCiNwPHRSBtZuOPwcsE3S', 2, 1, 1605049132, 'SMK NEGERI 10 SURABAYA', '', 'SURABAYA', '', NULL),
(460, 'Erica Feby v', 'ericavindi.18@gmail.com', 'default.jpg', '$2y$10$Yng.QeqgUx83URShytAuTuugjYhhttkh7URleXHIobeSKTO2x8uDi', 2, 1, 1605049672, 'SMA Taruna Dra Zulaeha', '', 'Probolinggo', '', NULL),
(461, 'Husnul khotimah', 'husnulkhotimahk88@gmail.com', 'default.jpg', '$2y$10$iFsgdKRo9EoCQN4N7zIVK.Cl.PJeBpImE8ZcroPCasNhyl6/TYdPq', 2, 1, 1605054364, 'SMA Nurul Amal Palembang', '@hsnl_khtmhh02', 'Palembang', '0895602897489', NULL),
(462, 'Gina Nur Zakiyah', 'ginaaginul@gmail.com', 'default.jpg', '$2y$10$2YHkK65bviRh98nrnlMw0eFzZIs4LGOrlb.vM.nRwXWwGuTcDsIHu', 2, 1, 1605064415, 'SMA Negeri 3 Purwokerto', '@ginaanr__', 'Purwokerto, Banyumas', '082334963243', NULL),
(463, 'Luthfie Ainun Nissa', 'Lthfie18@gmail.com', 'inbound10307359061087601741.jpg', '$2y$10$L.kHw01G5SLbVid5/wWcZudIG7.wTsUDdDLNCP/q0c6f1/RJCwdei', 2, 1, 1605066928, 'SMAN 17 KAB.TANGERANG', '@luthfieainunns', 'Tangerang Selatan', '08979029733', NULL),
(464, 'Muhammad Ikhsan Prayoga', 'ikhsanyoga158@gmail.com', 'default.jpg', '$2y$10$gpROGpxilLx5nlRcGbkK1eEZKKJo7yu2soGQO1CEIivjV9mutcCg.', 2, 1, 1605067169, 'SMAN 2 KUDUS', '', 'Kudus', '', NULL),
(465, 'Ani Sarajijima', 'hanifainiyyah@gmail.com', 'default.jpg', '$2y$10$V1FZE.FPgVriiwSl.vlq8eCrxERhH/leohFRnEiVrTqmhjDeaAnQi', 2, 1, 1605068931, 'MAN IC Paser', '', 'Grogot, Paser. Kalimantan Timur', '', NULL),
(466, 'Raisha Humaira', 'raishahumairaa24@gmail.com', 'default.jpg', '$2y$10$dlEW5ZIKdjy1gD2FhIYGjuQuH5Fh62PMpYAGO3r5gwaJHYhsahyjO', 2, 1, 1605071800, 'SMA N 2 LUBUK BASUNG', '', 'Sumatera barat', '', NULL),
(467, 'Safira Zahrani', 'safirazahrani29@gmail.com', 'default.jpg', '$2y$10$u3ZyScrM4bcWgSLVe3xrxucEDrliRY8dDLJ2s1DaapiTpErj/WNUS', 2, 1, 1605073023, 'SMAN Sumatera Selatan', '', 'Palembang', '', NULL),
(468, 'Shafira Aulia Syuhada', 'shafira912104@gmail.com', 'default.jpg', '$2y$10$lzmKXql.vFV7W/f40y1S0OnwVKmsjTZW3JYfUgoDh4scTC0T3yY8y', 2, 1, 1605073174, 'Man 14 Jakarta', '', 'Depok', '', NULL),
(469, 'Rizky Ramadhani', 'kikirizkyr11@gmail.com', 'default.jpg', '$2y$10$ptY3r2MZ470tcP./hPAVJuSCOEcwdNEErHw4FGp4USq0rC5pITVH6', 2, 1, 1605079283, 'SMAN SUMATERA SELATAN', '', 'PALI', '', NULL),
(470, 'Zahra Adlin', 'zadlin99@gmail.com', 'default.jpg', '$2y$10$CeXOygfNlpKFYBfcYvBLt.h89/Q0MHLUjyHdGeqXANWFWzY8LUA4C', 2, 1, 1605081836, 'SMAN 65', '', 'Jakarta Barat', '', NULL),
(471, 'Icha Kherilina Saputri', 'ichakherilinasaputri@gmail.com', 'default.jpg', '$2y$10$7oVrlYFNZuksfHV3aD64zOgtSuIaLrKgYfoU0QPPFxrllI0r/gkna', 2, 1, 1605083232, 'SMAN 1 PARE', 'xxayyen', 'Kediri', '085731666262', NULL),
(472, 'Dias faizatul azizah', 'Asihprayitno80@gmail.com', 'default.jpg', '$2y$10$nzfCJ7p1FDpbh5Seq.WVfeZVlxQgOMu14EYiAdNStGEGG3LlDKgei', 2, 1, 1605085622, 'SMAIT eltahfidh', '', 'Bekasi', '', NULL),
(473, 'Dias Faizatul Azizah', 'Asihummukembar@gmail.com', 'default.jpg', '$2y$10$Adbyp9rBAT9lO62eBG0AvO5A.apxw4UyYkZMgxiapME4uZ9iP.HLu', 2, 1, 1605087082, 'SMAIT eltahfidh', '', 'Bekasi', '', NULL),
(474, 'Puspa Ningsih', 'kuzeaiko23@gmail.com', 'default.jpg', '$2y$10$C3.FYkZdKDsXIZS/bmH5xeJy28LzkNsgxVR1gtuxH9mYb9kUlVtGG', 2, 1, 1605095686, 'SMA DARUL HIKAM BANDUNG', '', 'Banjarmasin', '', NULL),
(475, 'Laili', 'lalalalilili698@gmail.com', 'default.jpg', '$2y$10$cmTMm3J6w8qAOuwj3Kk0H.Gnii5JyvAzndhPOldNv7OjqesvDd69u', 2, 1, 1605097047, 'SMAN 2 SELONG', '', 'Selong', '', NULL),
(476, 'Indri', 'yaniindri2003@gmail.com', 'default.jpg', '$2y$10$rTvkzCL3Rq5sMuyNcdtKRezzm.gaRF0KwcsQGmpN/nVeRx0zJcnm.', 2, 1, 1605102947, 'SMAN 1 Jamblang', '@indri_y2', 'Cirebon', '0895347478672', NULL),
(477, 'Amalya  Rachmah', 'amalyaraa@gmail.com', 'default.jpg', '$2y$10$AKWpb6pQvdIuiR/uD.nIWumg3N.g2sMyIYdOxr8ZXkIF4miQvJ./q', 2, 1, 1605104753, 'SMA NEGERI 1 PURWOREJO', '@amalyaraaa', 'PURWOREJO', '081226443421', NULL),
(478, 'Sabila Rizqiyanti', 'sabilarizqiyanti24@gmail.com', 'default.jpg', '$2y$10$IQBbHP7VxC0wZpXfZJOo6.0nC5D973.BXCJxp0j2wEpJ1phJe4qXC', 2, 1, 1605106868, 'SMA NEGERI 5 KOTA CIREBON', '', 'CIREBON', '', NULL),
(479, 'Mabaui2021', 'mabauiakuntan2021@gmail.com', 'default.jpg', '$2y$10$7ado4ZUVG9miEQbvEV63.uZLwAnbIYUZYRq5UWZScP1gVg9CuHLjG', 2, 1, 1605107128, 'SMAN 59 Jakarta', '', 'Jakarta', '', NULL),
(480, 'RIADATUS SOLIHAH', 'ria160403@gmail.com', 'default.jpg', '$2y$10$4UslCWMex5jqrZ4plb0Se.TSFwzPpZQ3KH378HkNlEnIiz/tzrR.m', 2, 1, 1605108260, 'SMAN 2 SELONG', '@mydiaryria', 'Selong', '087763341584', NULL),
(481, 'Dea', 'deagultom7@gmail.com', 'default.jpg', '$2y$10$s0eaKlEF2vvQpfIxay0aROT01Pz5ct0sfe.oA4Xw6bTYHUHy4hJSC', 2, 1, 1605109288, 'Sma BM', '', 'SIANTAR', '', NULL),
(482, 'Nana', 'ninaindriy244@gmail.com', 'default.jpg', '$2y$10$8T0Jo55SxlSb1Fi2wXsvkeL4HkZhrC7iv.I7Gkq6aDwnllZUlFLbC', 2, 1, 1605112287, 'sman 1 maos', '_gamada.21', 'cilacap', '088233130819', NULL),
(483, 'Putri sihombing', 'Putrisihombing.lubukpakam@gmail.com', 'IMG_20191228_004247_247.jpg', '$2y$10$4iFtOBELXMb7aD6hooLFS.J3UTkIdH1WFjK2u8P2qVEXhwFx1H6a2', 2, 1, 1605112909, 'SMA Negeri 1 Lubuk Pakam', '@siput.try', 'Medan', '082269864287', NULL),
(484, 'Marshanda Alfa Amaria', 'alfamarshanda@gmail.com', 'default.jpg', '$2y$10$GchbrskUIE6rvp.f9hD91elWhzLex9q27P.FTySikTe0GpKwK8pWW', 2, 1, 1605148636, 'SMAN SUMATERA SELATAN', 'marshanda_alfa', 'PALEMBANG', '082299872662', NULL),
(485, 'Muhammad Yusuf Kisyadi', 'kisyadiyusuf@gmail.com', 'default.jpg', '$2y$10$kg.F.GO.fPzTp0punv62ZeBQhU6bxyq3jQ2e5yTLVf2S/ea.VCqJG', 2, 1, 1605166144, 'SMAN 3 BOJONEGORO', '', 'Bojonegoro', '', NULL),
(486, 'Wisma', 'triyaindah15@gmail.com', 'default.jpg', '$2y$10$Cc/.6246jCUDNmsiMoV1OOz63g.spNvYpPVYAZIfQ7N.z2CrY9LYS', 2, 1, 1605192979, 'Man 1', '', 'Sorong', '', NULL),
(487, 'Future internis', 'rimanovaria6@gmail.com', 'default.jpg', '$2y$10$qe6ZGRFkKvopjXpWRTtjUu16jzUtWkFglfycCGe0slVEaZo7MZ8/S', 2, 1, 1605208913, 'Home Schooling', '', 'Medan', '', NULL),
(488, 'Alifian kamaluddin Sukardi', 'himpaudiponcol0@gmail.com', 'default.jpg', '$2y$10$ZjQWcorBFPuqQMoiowmHruLhbye964GXdqrBSNOnfeR/pKspWoTXe', 2, 1, 1605235353, 'SMA MUHAMMADIYAH 2 SIDOARJO', '', 'SIDOARJO', '', NULL),
(489, 'WASTA ZAI', 'wastaprimazai@gmail.com', 'default.jpg', '$2y$10$gnkWd.26kb3vlWZrLWPTIO037EAob2IuABMEHMzLJlezCTzfoHOW6', 2, 1, 1605247989, 'SMAN 1 TUHEMBERUA', '', 'NIAS UTARA', '', NULL),
(490, 'Elifes ziliwu', 'elifes002@gmail.com', 'default.jpg', '$2y$10$n3p0E3WOEqVac6Q3ga0bKeuO47kzgoJLfDhx1Xsd7.SB/mgc9hWs6', 2, 1, 1605550705, 'SMAN 1 TUKKA', '', 'Tapanuli Tengah', '', NULL),
(491, 'Rizal mulyadi', 'Rizalmulyadi664@gmail.com', 'default.jpg', '$2y$10$Nweehfkl.ExHHWvJnyJdj.ijj5vY7MTsdHzEcEVubOQfbxV5CA6fe', 2, 1, 1605595467, 'ponpes baitul hidayah', '', 'Kota bandung', '', NULL),
(492, 'Rian Nugroho', 'azabkuburmu@gmail.com', 'default.jpg', '$2y$10$kgi6CUl/0Myz71hbSHrifu7Fmz6cn.lV4HgLpV2V.6gJgwTWMCAWC', 2, 1, 1605596101, 'SMA 1', '', 'Kota Kota', '', NULL),
(493, 'Mohammad Nuril', 'labs.nurilumam@gmail.com', 'default.jpg', '$2y$10$ELzQos6oavkmUkKSlE.d0.PbbV4ZSb7f5uN.6GEfqT.Cv1qgeabhO', 2, 1, 1605610456, 'SMA Negeri 100', '', 'Jakarta', '', NULL),
(494, 'Ruslan', 'kardusruslan@gmail.com', 'FB_IMG_15208601389796707.jpg', '$2y$10$.IfNWcR583z745SbfYR1Xu5Dj1d9.fHQ3CV19JkgHo7VlkeCOQ42C', 2, 1, 1605633204, 'SMK Bangun Bangsa', 'lol_', 'Praya', '089898999', NULL),
(495, 'Muhammad Istiqlal', 'iqlal@tuta.io', 'default.jpg', '$2y$10$N9E7fU3hG.kaAgPV65FqrePgjaisnVXPm7orknzu/CaJhT6BCD.lO', 2, 1, 1605742863, 'SMKN 1 Kediri', '', 'Kota Kediri', '', NULL),
(496, 'fg', 'sf@f.w', 'default.jpg', '$2y$10$1J2Vs2u10STI0PBhy2CuP.j6MoP78BNNR.UuRbnA3r8EylA7rJ48i', 2, 1, 1605769363, 'gwr', '', 'dfg', '', NULL),
(497, 'afq', 'w@m.a', 'default.jpg', '$2y$10$8mZEHSVS.HH0nWuSXgskou5UjuYQt3A3xLr3JIjbpQ.HJTzEOBKhO', 2, 1, 1605769394, 'fq', '', 'qfw', '', NULL),
(498, 'asd', 'q@q.q', '1280px-No_image_3x4_svg.png', '$2y$10$kX5xjbBFwcuwXbNrFnd.Q.wLmN/Zp.Fur5j7vl7gzCs2yVcTUWEN2', 2, 1, 1605769442, '3f', '', 'f3', '', NULL),
(499, 'Ahmad Zidane Faturrahman', 'ahmadzf008@gmail.com', 'default.jpg', '$2y$10$t8iY4NdjVbp/gytBjOxf4.cDpxgzxZz4xTbtOpIp05kcCvXbX2Nqq', 2, 1, 1605778457, 'SMA NEGERI 14 KABUPATEN TANGERANG', '', 'Tangerang', '', NULL),
(500, 'Ababab', 'test@cuvox.de', 'default.jpg', '$2y$10$//L63rO0gyDHpGA/IyEA5.2YlgN2Imyq82LftC2U6Qa6np6mb4txy', 2, 1, 1605965066, 'mana hayo', '', 'disini', '', NULL),
(501, 'yusuf', 'ruslan@mail.com', 'default.jpg', '$2y$10$y63ZJ/BojLRgxaajXZFaF.R0U49tNdHuEalFZcwpZN7JBrDQ6yuTq', 2, 1, 1605982638, 'SMK Bina bangsa', '', 'malang', '', NULL),
(502, 'Hanif Pramono', 'ruralrefinedcom@gmail.com', 'default.jpg', '$2y$10$y.wxu7AKB/C5M1v3ZNdy..cdZyUCriprIm.MOodIHTzfxWTe6Dbti', 2, 1, 1606122190, 'Universitas Amikom Purwokerto', '', 'Banjarnegara', '', NULL),
(503, 'UGM', 'cyndielfridabrsinaga@gmail.com', 'default.jpg', '$2y$10$2tOO9.newd4MG75PLHE53eHGgkhuYVFjE61w.x5k/UASwXyz6wtN.', 2, 1, 1606259190, 'SMAN 1 MANDAU', '', 'Riau', '', NULL),
(504, 'Raski MD', 'raras@gmail.com', 'default.jpg', '$2y$10$guPyrVBxqwsHgb9ZXZSiieg8DfYHf1k6lP9G2oBskFQkL/ir6HXpC', 2, 1, 0, 'SMA Institut Indonesia', '', 'Semarang', '', NULL),
(505, 'Test', 'hafizmaster33@gmail.com', 'default.jpg', '$2y$10$tKAuN53KcvKrCE/P993ql.hNkSUcdXa7FgckXcYbkdDGrTaXRDIhG', 2, 1, 1606548438, 'XXX', '', 'XXX', '', NULL),
(506, 'arabi', 'rizkiarabi47@gmail.com', 'default.jpg', '$2y$10$rpRyjtNXWP0wS6FmeOUI9ObArP4RAjTjVd9pwEkDYZWUV7okL3Ukm', 2, 1, 1606572956, 'sman 4 garut', '', 'garut', '', NULL),
(507, 'Fajar Kurnia', 'fjrrkrnia@gmail.com', '2020-04-30_07_31_27_1.jpg', '$2y$10$nfFWCBmbqkh4urIA3tMP3.tZNKFHvaGLwMmWh5ewZxYQnf9xpJh0K', 2, 1, 1606779827, 'SMA PGRI 4 JAKARTA', '@fajarrkrnia', 'Jakarta timur', '', NULL),
(508, 'Marfino Hamzah', 'marfinohamzah455@gmail.com', 'default.jpg', '$2y$10$4ViROaPxnCneNLi1tM.4AupiMYvim79GcJiVyrN2WSvjx.nuTPLcW', 2, 1, 1606872109, 'SMK 5 SURAKARTA', '', 'surakarta', '', NULL);
INSERT INTO `user` (`id`, `nama`, `email`, `image`, `password`, `role_id`, `is_active`, `date_created`, `asal_sekolah`, `instagram`, `kota`, `no_tlpn`, `email_admin`) VALUES
(509, 'ryan', 'mhdryan46@gmail.com', 'default.jpg', '$2y$10$1J4PKvktqp0Ir0zf2gP8yOLVfLyb6usi97REickCrKRonuqaxDhl.', 2, 1, 1606981191, 'sman 1  galang', '', 'galang', '', NULL),
(510, 'Jdkkwkdk', 'mlakdjja@moli.com', 'default.jpg', '$2y$10$2WOjjwzUShtXjxShYnuSae5unVxU6x.9VF68jlAmUr3HLAsco4.ve', 2, 1, 1607007087, 'Hgsdcbj', '', 'Fbjjhf', '', NULL),
(511, 'Zakaria dama saputra', 'zakariadamasaputra@gmail.com', 'default.jpg', '$2y$10$7bEkW4q66wOYBCG0wgx3ROysfLOLnW3l1oCKfd.Z8vbD4S1mdC6uS', 2, 1, 1607431631, 'SMK Negeri 2', '', 'Depok', '', NULL),
(512, 'Maba Stanid', 'mabastanid@gmail.com', 'https://lh6.googleusercontent.com/-quGQuNngWwM/AAAAAAAAAAI/AAAAAAAAAAA/AMZuucm0PEv5t9WmMtpu-bbFacK-BiFlYA/s96-c/photo.jpg', '', 2, 1, 1607846877, '', '', '', '', NULL),
(513, 'Maba Politeknik', 'mabapoliteknik@gmail.com', 'https://lh5.googleusercontent.com/-Eh0Zm8drX14/AAAAAAAAAAI/AAAAAAAAAAA/AMZuucnGwRWNWK7n19V5RvIxhRI_oiI3Ag/s96-c/photo.jpg', '', 2, 1, 1607856316, '', '', '', '', NULL),
(514, 'Khoirur Roziqin', 'khoirurroziqin982@gmail.com', 'https://lh6.googleusercontent.com/-zEOrbLhKDkg/AAAAAAAAAAI/AAAAAAAAAAA/AMZuuckyyK_crGdoY5VP7EmKl3MwQ1jAKQ/s96-c/photo.jpg', '', 2, 1, 1607862885, '', '', '', '', NULL),
(515, 'Citra OA', 'citraauliaokta@gmail.com', 'default.jpg', '$2y$10$/hwpj3RQ1vfnOdHYkgQpc.9Uca6iP0j/6j.Ckht0d14LrY83Xx9b.', 2, 1, 1607901422, 'Smansa M', '', 'Lampung', '', NULL),
(516, 'Layla Fadhlillah Hasyim', 'laylafadhlillahhasyim30@gmail.com', 'default.jpg', '$2y$10$7mu5TiUQj.YJbMDYtc/shuXATENCzjt8gz2OxbYmCRxXSLwSAc4He', 2, 1, 1608266154, 'SMK 11 Maret', '', 'Bekasi', '', NULL),
(517, 'Arsa', 'syahrulsaja1@gmail.com', 'default.jpg', '$2y$10$ghALUQIIbldVuVnalsl8aOlfcvqtO8CBS5kxJi/Kw7IUS5yaS3cAS', 2, 1, 1608273295, 'SMK Negeri 7 Semarang', '', 'Semarang', '', NULL),
(518, 'cynthia Paundria', 'cynthiapaundria@gmail.com', 'https://lh5.googleusercontent.com/-yfq4RNTE7Iw/AAAAAAAAAAI/AAAAAAAAAAA/AMZuuclpOX9lRvn2nhNH_oogPTmDuvXzrA/s96-c/photo.jpg', '', 2, 1, 1608274752, '', '', '', '', NULL),
(519, 'Caca', 'shalsabilak.is@gmail.com', 'default.jpg', '$2y$10$V084gun/ypRq7haKNIU76e9X4NLebpp9OquK4OcaM08udYF6SUBwi', 2, 1, 1608275126, 'Sma yphb', '', 'Bogor', '', NULL),
(520, 'Nadia Putri Jayanti XII MIPA 4', 'nadiaputrijayanti2303@gmail.com', 'https://lh3.googleusercontent.com/a-/AOh14GigkWST4ImbR6ZuFW_lpehPJhpKJZTqp5bJRvPG=s96-c', '', 2, 1, 1608275410, '', '', '', '', NULL),
(521, 'Nandia Rahma Septiansyah', 'nananuwu70@gmail.com', 'default.jpg', '$2y$10$qnhBR.MPjNhb0Gj1wHkGaOzBMbyXV6j7gZGCqKFw8BVN9yMbDcRxa', 2, 1, 1608278100, 'SMA N 5', '@stankuyy', 'Semarang', '0895397251473', NULL),
(522, 'Shanneta Lukman', 'shannetalukman22@gmail.com', 'https://lh6.googleusercontent.com/-py29gS3xoWI/AAAAAAAAAAI/AAAAAAAAAAA/AMZuucmGOambzg2m1EtTYaE1LhxSde5hRA/s96-c/photo.jpg', '', 2, 1, 1608285030, '', '', '', '', NULL),
(523, 'Dita Andiani', 'ditaandiani43@gmail.com', 'default.jpg', '$2y$10$apjlPpri.u2l7nberkCdC.K5z7pczFQU36qpAwIVMUWWmwU22c7Pu', 2, 1, 1608295865, 'SMK Bhakti Kencana Pangandaran', '@ditaandianiiii', 'Pangandaran', '085294134449', NULL),
(524, 'Dita Andiani', 'ditaandianiiii@gmail.com', 'default.jpg', '$2y$10$rfdbZ8289S6R/gtodaKnTO4LmLS/9e6H1R5f9NTXJVl.Ml4YDnYqK', 2, 1, 1608295944, 'SMK Bhakti Kencana Pangandaran', '', 'Pangandaran', '', NULL),
(525, 'Adinda Tiara Prameswari', 'dindaistrinyaexol1485@gmail.com', 'PicsArt_09-28-11_13_03.jpg', '$2y$10$HKQszugpCDibvkPm2jrpaerhshOCdLXpz/eSk/dYzdHNSZo2X320u', 2, 1, 1608301758, 'SMKN 3 JEPARA', '@dindaratiara_', 'Jepara', '081226715325', NULL),
(526, 'Nining Nirmala', 'niningnirmala0710@gmail.com', 'default.jpg', '$2y$10$PPiFvKbFXwkEYu..zA9cLO7/zRtYAY6SchSXBMNm021MDaAiZYLtW', 2, 1, 1608303351, 'MAN 2 Kuningan', 'nrmlaa_7', 'Kuningan', '081222920722', NULL),
(527, 'Lizaa', 'snlizaah@gmail.com', 'default.jpg', '$2y$10$8C80iTAnzOjAkaRszFJwuOaq434FJSYRLOuYWfp.8RnJQrjmsjJAC', 2, 1, 1608308947, 'MAN 2', '', 'Kota Makassar', '', NULL),
(528, 'Thalitha Kiara Zada Sukma', 'thalithakiarazada25@gmail.com', 'default.jpg', '$2y$10$NpvTHoeyOjqihAe3U7wqRus1n79sy3K5WDq4qMcDQW5l4Tpivjhve', 2, 1, 1608310698, 'SMA NEGERI 10 BOGOR', '', 'Bogor', '', NULL),
(529, 'Thalitha Kiara Zada Sukma', 'kiara08@gmail.com', 'default.jpg', '$2y$10$gkUPiQ8eRVPKFIhSX1O7x./.fSOTafISxTlQCAyETeGc7g8X.xwjK', 2, 1, 1608310822, 'SMA NEGERI 10 BOGOR', 'rarraaa.zd', 'Bogor', '085715724729', NULL),
(530, 'Yasmin Ramadhani', 'ramadhaniy2019@gmail.com', 'https://lh3.googleusercontent.com/a-/AOh14Gh-ThIxAqfsYlcMb8DLyy1iHXhQuF6OlcvgoVKh=s96-c', '', 2, 1, 1608315753, '', '', '', '', NULL),
(531, 'Seli Fatikasari', 'selifatikaa14@gmail.com', 'default.jpg', '$2y$10$TEo6W5J27VIiYMytXgiQzeHfQi20prkzGAVLm3d6iT7qr.rlBvLYO', 2, 1, 1608351322, 'SMAN 5 PURWOKERTO', 'seliftks', 'Purwokerto', '085725703188', NULL),
(532, 'Malika Zulfa Nurrunnisa', 'malikazn23@gmail.com', 'c9a824b6-da29-4b7a-b179-316fd785eb63.jpeg', '$2y$10$PBsQWncj2GE4cQToQ9xLGeTbPXtk.D/FwqxcjD.alPDzYbKKyrWN.', 2, 1, 1608367167, 'SMAN 2 GUNUNG PUTRI', '@owjxhxbwksixbsk', 'BOGOR', '089636114047', NULL),
(533, 'Eve Sapphira', 'mathilda.here@gmail.com', 'default.jpg', '$2y$10$Cccsc9rkNU2cihUUB5uVZO68ybjy7J0YQzOKDiXvqrxcTTH88/jYq', 2, 1, 1608374019, 'SMAK St. Louis 1', '', 'Surabaya', '', NULL),
(534, 'Eve Sapphira', 'mathilda1033@gmail.com', 'default.jpg', '$2y$10$GTbpegi0fSuEr/H9oGIgMOzQRDGqT72eZMldI0Cmj2ufGBKAfOKg6', 2, 1, 1608374155, 'SMAK St. Louis 1 Surabaya', '', 'Surabaya', '', NULL),
(535, 'Islahul Khotimah', 'akukutul87@gmail.com', 'https://lh3.googleusercontent.com/a-/AOh14GgfNhSt6SHQHdubI5YBO_skDa3xf-V9xJHRxOSJ=s96-c', '', 2, 1, 1608374786, '', '', '', '', NULL),
(536, 'Shafiyyahal', 'shafiyyahal22@gmail.com', 'default.jpg', '$2y$10$RohQ7xDkgN0fIhfjDyJMauiikAscm8NcEbBScIzM6yKM3QsH4xkje', 2, 1, 1608375876, 'SMAN 16 SBY', 'ambisyuk', 'Surabaya', '081230500166', NULL),
(537, 'Icha Silfia', 'ichaisilfia08@gmail.com', 'https://lh3.googleusercontent.com/a-/AOh14Gj9TSxQm202WZga8ewPbCg4scwU_D87gx5jiZtCHw=s96-c', '', 2, 1, 1608394002, 'SMK Al Islam Kudus', 'icha_silfia', 'Kudus', '', NULL),
(538, 'Linda Istiningrum', 'linda31istiningrum@gmail.com', 'https://lh3.googleusercontent.com/a-/AOh14Gi3Ul9OFbj0fNl__8tOyYrxDsXQghVweUzvsdJMEQ=s96-c', '', 2, 1, 1608421073, '', '', '', '', NULL),
(539, 'Muhammad Maulaya El Haq', 'm.maulayaelhaq@gmail.com', 'default.jpg', '$2y$10$j9CA1rDVv0gY6GUI0EIdZ.G1YYBasZAb7EPXjPyqxHIKyVc7W7ik.', 2, 1, 1608435880, 'SMK N 2 Salatiga', 'maull.el', 'Kabupaten Semarang', '085879135392', NULL),
(540, 'Devi Kaeriani', 'devidevii922@gmail.com', 'https://lh3.googleusercontent.com/a-/AOh14Gjhz_vKjTMHkKdM0WRWc307Zsu_aihu28kW_QT1hg=s96-c', '', 2, 1, 1608443995, 'SMA Negeri 1 Ungaran', 'shin.a.raa', 'Kabupaten Semarang', '089602111300', NULL),
(541, 'Reni nur Amalia', 'amaliareninur@gmail.com', 'https://lh3.googleusercontent.com/a-/AOh14GgIjsrMwVfSFjHYCcyla11UozMjpFVG-mxc5UJw=s96-c', '$2y$10$DbW1lZ34sVe7vbqXEieMtO3ThtIa/bgRNoKBf3gB/s916bA46q0TO', 2, 1, 1608465114, 'SMA YISLAH', '@rniamlia_', 'Tangerang', '087771034094', NULL),
(542, 'Putri Aulia Rizky', 'putriauliarizky10@gmail.com', 'default.jpg', '$2y$10$opB9IKoCrL/6toNimeHube5BbuqABDxBX5LPE7/gMZSlSQZPJ9KBC', 2, 1, 1608465477, 'SMAN 3 Tangerang', '', 'Tangerang', '', NULL),
(543, 'Neng Desti Nur Laelasari', 'coolenzgirl@gmail.com', 'default.jpg', '$2y$10$o01XKIWymzcsNLySpKiPHurGy3Utl79aBTDTOyzE6XLZKtwCt7atO', 2, 1, 1608475697, 'Man 1 Cianjur', '@des.tiy', 'Cianjur', '085798544472', NULL),
(544, 'Jihan Husnia Utomo', 'jihanflov@gmail.com', 'default.jpg', '$2y$10$mARYrQ7pNZnQuinsol0O8.ZfQLSgL8kTWtcgD9eTDXfBTYomyJCGa', 2, 1, 1608507214, 'SMAN 1 SIDOARJO', '', 'Sidoarjo', '', NULL),
(545, 'Desta Ade abelia', 'adeabeliadesta@gmail.com', 'https://lh6.googleusercontent.com/-ejFqJyiRcxM/AAAAAAAAAAI/AAAAAAAAAAA/AMZuuclZG7w6EVTPSuaDCSWOBuVk6NT86g/s96-c/photo.jpg', '', 2, 1, 1608516410, 'SMA Muhammadiyah Gisting', 'destaadeabelia02_', 'Tanggamus Lampung', '085896976708', NULL),
(546, 'Novita Wulandari', 'wulandarinovita251102@gmail.com', 'https://lh3.googleusercontent.com/a-/AOh14GgyqE2xhlI4FyEicfHss8gV75aIFh52xP4RrHMF=s96-c', '', 2, 1, 1608534211, '', '', '', '', NULL),
(547, 'Rizky Auliya Solihati', 'rizkyauliyaa19.9@gmail.com', 'default.jpg', '$2y$10$dpCkLZrQO86hp5DSyAqDU.lT57p2aY5yE9cz/P/LnOAG1bD1X49pO', 2, 1, 1608563147, 'SMK PARAMARTA', '', 'Tangerang Selatan', '085780939040', NULL),
(548, 'MABA KAMPUS', 'mabakampus@gmail.com', 'https://lh3.googleusercontent.com/a-/AOh14GjanZgrCm6oN6whXx4ictVLkIk2CAdVdbQj93L-Kw=s96-c', '', 2, 1, 1608573401, '', '', '', '', NULL),
(549, 'Marchela', 'pratama04antonio@gmail.com', 'default.jpg', '$2y$10$qtKtJLTp6JEmxdcFY/RX3ut0N.cAxf2Kmuj9qGBbkYMlldf7OMGna', 2, 1, 1608582880, 'SMAN 8', '@iya2345', 'Yogyakarta', '082138644054', NULL),
(550, 'Sri Anggita', 'dvianggita@gmail.com', 'default.jpg', '$2y$10$qwPdr.uf70aiiL1Q7rC.BeYYFN1A4Vaj97oZ0SlAsVCqm88LfTHby', 2, 1, 1608627428, 'Sma 12,', '', 'Semarang', '', NULL),
(551, 'Vidiya Puspita Sari', 'vidiyapuspitasari2@gmail.com', 'https://lh3.googleusercontent.com/a-/AOh14GgN4qaqV0SQOjqBRg6Vtf4-H1KUxnDbAHrR3AGvZQ=s96-c', '', 2, 1, 1608627527, '', '', '', '', NULL),
(552, 'Anandiko', 'anandiko.savieros.sujanto@gmail.com', 'default.jpg', '$2y$10$/JOpFDH88TQMQsK4zXziLuSjbNCUfjLzb6.bdzu8lCznlXo6mG5TK', 2, 1, 1608637110, 'SMAN 2 SBY', '', 'Surabaya', '', NULL),
(553, 'Abdul Azis', 'azisabd541@gmail.com', 'default.jpg', '$2y$10$oa8ra67R3B.VSEo4mfOcweqyVcxq0Xik2yw2Z.mbfl/D6a2IkQ68O', 2, 1, 1608652601, 'SMAN 1 SUKARESMI', '', 'Cianjur', '089691577878', NULL),
(554, 'Gina Alifia', 'ginaalifia1102@gmail.com', 'IMG_1hp2xp.jpg', '$2y$10$MqtQxfvSSQtZwjUf8vYDweG5X4lD.Az.ncbxJpos3xgLb.TYhkaJG', 2, 1, 1608685124, 'SMA N 1 KROYA', '@callmepiaa__', 'CILACAP', '', NULL),
(555, 'Faiza yasmina', 'fmina034@gmail.com', 'default.jpg', '$2y$10$hUSNaNY12ugH0iip8unEteTA0KTgCHsgYsWB4yYLvpCsg1dKEd6SS', 2, 1, 1608690345, 'SMAIT UMMUL QURO BOGOR', '', 'Bogor', '', NULL),
(556, '12-I Gusti Ayu Asmia Pradnya Dewi', 'ayuasmia01@gmail.com', 'https://lh5.googleusercontent.com/-ZArqzy0eJBU/AAAAAAAAAAI/AAAAAAAAAAA/AMZuucksy-HCEUryDWGA9Q4irgUhhxDSBQ/s96-c/photo.jpg', '', 2, 1, 1608691770, '', '', '', '', NULL),
(557, 'ADRIAN Nvl', 'adamadriannovaldino@gmail.com', 'https://lh3.googleusercontent.com/a-/AOh14Gjt0MGDiuqhm4fz3rFcDIILE9HyYwuA99ehTGTe=s96-c', '', 2, 1, 1608718700, '', '', '', '', NULL),
(558, 'Dini', 'dinifatihatussofi@gmail.com', 'default.jpg', '$2y$10$uEv30ttOGonvkXSWuTYxhutXARZSdJCsJtempSoAy/bvs/Kb7HKse', 2, 1, 1608727850, 'MA', '', 'Kab. Banyumas', '', NULL),
(559, 'adell', 'dila.adelia92@gmail.com', 'default.jpg', '$2y$10$OcQ5wEF5kbk8e4rZPPwOcO0d9B0d0iBHIbwgZ8x9lAUp0RpRAo8C6', 2, 1, 1608728509, 'sma n 1 tarutung', 'dila.adell_', 'klaten', '085763295477', NULL),
(560, 'Jhonatan Pakpahan', 'jhoprapakpahan@gmail.com', 'default.jpg', '$2y$10$JlL24ZSwltkaRYdfiYlLZu.qGTsPa.cIq7pb0IbmcQ0Ry6CIX8t2q', 2, 1, 1608770122, 'SMA Unggul Del', 'kesosui22', 'Toba Samosir', '088261746985', NULL),
(561, 'Hanifah Putri Ayuni', 'hanifahayn@gmail.com', 'https://lh3.googleusercontent.com/a-/AOh14Ghdhr3_gurzkh7omILz-8F2-BJPV3_j2rvdG44y=s96-c', '', 2, 1, 1608785724, 'SMAI Nurul Fikri Boarding School Serang', 'hanifahayn', 'Tangerang', '081511557768', NULL),
(562, 'revindaaradea', 'revindaaradea456@gmail.com', 'default.jpg', '$2y$10$jtLmb4H9pwqrN2cF9hhZ4.JwQa2nFGjxiyoK64c3i6062rtzfvFsi', 2, 1, 1608858441, 'Sman 11 semarang', '', 'Kota semarang', '', NULL),
(563, 'Savira Rahma', 'savirarahmaazizah@gmail.com', 'default.jpg', '$2y$10$/MtU3oPX4c3Ye9Ysl14Vxe1NHucMxzlw0/DMaCYN6BDe9NKPe3inu', 2, 1, 1608908628, 'SMAN 3 TANGERANG SELATAN', '', 'Tangerang Selatan', '', NULL),
(564, 'dirlan exgone', 'dexgone@gmail.com', 'https://lh3.googleusercontent.com/a-/AOh14GhxhK_25JGWqnNCU49bB-HqlCoVs0vCrn8cRAna=s96-c', '', 2, 1, 1608933773, '', '', '', '', NULL),
(565, 'Leksia Aura', 'aura.leksia@gmail.com', 'default.jpg', '$2y$10$4rgCbf9qXZ2d2XM.qokQhu9UF44HiU3Yz8VFDaW7NESu0TRVddO4m', 2, 1, 1608933815, 'SMA MUHAMMADIYAH 25 PAMULANG', '', 'KOTA TANGERANG SELATAN', '', NULL),
(566, 'San Dant', 'sandyloka790@gmail.com', 'https://lh3.googleusercontent.com/a-/AOh14GgDdRBxxtK8ZndN-9jMkckuIdH988TXNXf4C2aI=s96-c', '', 2, 1, 1608972438, '', '', '', '', NULL),
(567, 'Nisrina Nabila Latifah', 'nabilanisrina93@gmail.com', 'default.jpg', '$2y$10$q.EFMHzlfg4eIgIOw3lRZu/PWZMN31nTBh0S33ynBtu1ttj7cQrcW', 2, 1, 1609026334, 'SMAN 2 KARANGANYAR', '@nabilaaaax', 'Karanganyar', '089529099222', NULL),
(568, 'Sylva Muthia Setiyawan', 'sylvams55@gmail.com', 'inbound2902830841595450160.jpg', '$2y$10$UzKQfGMQLpLnLpWjbAFM1O0.2I7BHVvj3ZZc52XZ/5jh2iiQAZWL6', 2, 1, 1609027884, 'SMAN 1 CIKAMPEK', '@sylvaa_mth', 'Karawang', '085780978539', NULL),
(569, 'kayla d', 'davinakayla924@gmail.com', 'https://lh3.googleusercontent.com/a-/AOh14Ghhxx051EAMi8STBYlAeoq05I3qnUmUg6j1F8q4=s96-c', '', 2, 1, 1609031805, 'sman 2 bandung', 'kaylaadvn', 'bandung', '081802222260', NULL),
(570, 'REGA RIANSYAH BAHTIAR', 'regariansyah9@gmail.com', 'default.jpg', '$2y$10$t/GnPf8Km5UedkhVYZ63D.tDAzVpsTt2TOTL9t1mdSii5QHcCtj4S', 2, 1, 1609035576, 'MA AL-FATAH', '', 'LAMPUNG', '', NULL),
(571, 'Pani Pujayanti', 'panipujayanti@gmail.com', 'https://lh3.googleusercontent.com/a-/AOh14GiJ7VpSwmWXkOuDzJ8H2Dkjm5E2kIyAfYYefymnxQ=s96-c', '', 2, 1, 1609038112, '', '', '', '', NULL),
(572, 'Nadhifa Azaria Rahma', 'azariarahmanadhifa@gmail.com', 'default.jpg', '$2y$10$hBobp2CvmiOQle.IWRbCYeh0.Lx0kyRL0Fj0/0zGI3vp0ZgIUH9oe', 2, 1, 1609038135, 'SMAN 1 Cibingbin', '', 'Kuningan', '', NULL),
(573, 'pricilla', 'pricillaigs@gmail.com', 'default.jpg', '$2y$10$Bf7ihj0lafAzPQCRy2XQh.mZqxP7D5RXTlAyieHOUkbLt9x2Xo3KC', 2, 1, 1609042141, 'sma negeri', '', 'jakarta', '', NULL),
(574, 'Dian Farizki', 'dfarisky@gmail.com', 'default.jpg', '$2y$10$bTP0imJomXcAGugBFVFATecWu4esR3b//FcgvQl1yXtxUY0sbRKGm', 2, 1, 1609043374, 'SMA Negeri 1 Sumpiuh', 'farizkikiki', 'Banyumas', '085869003132', NULL),
(575, 'shyndorin m', 'sindosin3@gmail.com', 'default.jpg', '$2y$10$EMZ.mkPKp6Ow2wtzh3cUZ.5degGB0BrTcY3Nquvs2vCZDodvWP2sO', 2, 1, 1609044142, 'sman 1 cibinong', '', 'kabupaten bogor', '', NULL),
(576, 'Ria Novian', 'rianovianifanysari.rnis@gmail.com', 'default.jpg', '$2y$10$jF1FlAfb95N4Dw8YFNlPHO/klCAU4jWzdPOhB663aUF5kj2ZA9hTC', 2, 1, 1609054531, 'SMAN CMBBS', 'camaba2021', 'Cilegon', '089604295338', NULL),
(577, 'Muhammad Ammar Lamonantio', 'ammarlamonantio@gmail.com', 'default.jpg', '$2y$10$iwv6g3cNYgCBYNX6VqWwOOmXaDVk9k1SmQtnvHzJW/EQIxGTiB93u', 2, 1, 1609127871, 'sman 03 bengkulu utara', '', 'bengkulu', '', NULL),
(578, 'Marisah tasha sabrina', 'marisatashasabrina@gmail.com', 'default.jpg', '$2y$10$evXgZ.3WxsYoKKsx61fzluoRYywcxGwhMemYMbMruw6WhAtp/FBdO', 2, 1, 1609140433, 'SMA MUHAMMADIYAH 25 PAMULANG', '', 'TANGERANG SELATAN', '', NULL),
(579, 'Trias Hendar', 'triashendar99@gmail.com', 'https://lh3.googleusercontent.com/a-/AOh14Gj9HZIXsWDcHMmvwjTQWGfpzlRjDOddi5QPXq3mwnE=s96-c', '', 2, 1, 1609142482, '', '', '', '', NULL),
(580, 'vita rizqillah noza', 'vitanozaaa@gmail.com', 'default.jpg', '$2y$10$tJkFE0ulvPGROF7eYTlZIul3bqkmq/LAgF.KxcFjQU82Qf9D.1cUC', 2, 1, 1609147951, 'sma muhammadiyah 25 pamulang', 'bookverses ', 'tangerang selatan', '081293685319', NULL),
(581, 'Fany Amanda', 'fanyamanda2001@gmail.com', 'https://lh5.googleusercontent.com/-vgzwGSuOpn8/AAAAAAAAAAI/AAAAAAAAAAA/AMZuuckQO0tFQ7iQTJejv24rQDvefbCxTw/s96-c/photo.jpg', '', 2, 1, 1609162158, '', '', '', '', NULL),
(582, 'Melania G. Teko', 'niateko11@gmail.com', 'https://lh3.googleusercontent.com/a-/AOh14Giu6ij62vYx8MH5FjnLCLMRbsNsJ-kzqOcMu1TY=s96-c', '', 2, 1, 1609200747, 'SMAN 1 TORAJA UTARA', 'mgcn102', 'Rantepao', '082292245996', NULL),
(583, 'khanaya aulia', 'khanayaulia21@gmail.com', 'https://lh4.googleusercontent.com/-Z10jumF23Zo/AAAAAAAAAAI/AAAAAAAAAAA/AMZuuck9fqg2yzy9MSihv5cbq9ZYMb9jYQ/s96-c/photo.jpg', '', 2, 1, 1609228398, '', '', '', '', NULL),
(584, 'salsadilla Hamida', 'salsadillakjd21@gmail.com', 'default.jpg', '$2y$10$vrTVcKr3gi3RZNGYKHx2n.lm011.eSicb5.CAfaRrMfBFVQ9dm8wO', 2, 1, 1609231877, 'SMAN 3 TANGERANG', '', 'KOTA TANGERANG', '', NULL),
(585, 'Silver', 'cuantikimoetz@gmail.com', 'default.jpg', '$2y$10$VG80Lyu.P2LcKBQ1alX63eEiwG8fcvLJBPPZ2obZrWpeFV0yyj3xK', 2, 1, 1609235299, 'SMA N 1 GOMBONG', '', 'KEBUMEN', '', NULL),
(586, 'Bayu Dirgantara', 'bayudirgantara865@gmail.com', 'https://lh3.googleusercontent.com/a-/AOh14GhyHVazkOVuZvI3XioJg5p8Q2slfx1nPWEmA1thCw=s96-c', '', 2, 1, 1609253247, '', '', '', '', NULL),
(587, 'Mateo Tirta', 'mateotirta4@gmail.com', 'https://lh3.googleusercontent.com/a-/AOh14Gg1XyNevi9k_YCmVFdZ-P6BwSPUxWICHI8mKFS0rw=s96-c', '', 2, 1, 1609336485, '', '', '', '', NULL),
(588, 'Khoirur Roziqin', 'khoirurroziqin951@gmail.com', 'https://lh3.googleusercontent.com/a-/AOh14GisNyweCxVhEKNBht82LRo1PeW1AH0dCncn2bY6=s96-c', '', 2, 1, 1610586270, '', '', '', '', NULL);

-- --------------------------------------------------------

--
-- Struktur dari tabel `user_access_menu`
--

CREATE TABLE `user_access_menu` (
  `id` int(11) NOT NULL,
  `role_id` int(11) NOT NULL,
  `menu_id` int(11) NOT NULL
) ENGINE=InnoDB DEFAULT CHARSET=utf8mb4;

--
-- Dumping data untuk tabel `user_access_menu`
--

INSERT INTO `user_access_menu` (`id`, `role_id`, `menu_id`) VALUES
(1, 1, 1),
(3, 2, 2),
(4, 1, 3),
(8, 2, 6),
(9, 1, 6),
(10, 1, 2);

-- --------------------------------------------------------

--
-- Struktur dari tabel `user_menu`
--

CREATE TABLE `user_menu` (
  `id` int(11) NOT NULL,
  `menu` varchar(128) NOT NULL
) ENGINE=InnoDB DEFAULT CHARSET=utf8mb4;

--
-- Dumping data untuk tabel `user_menu`
--

INSERT INTO `user_menu` (`id`, `menu`) VALUES
(1, 'Admin'),
(2, 'User'),
(3, 'menu'),
(6, 'Materi ');

-- --------------------------------------------------------

--
-- Struktur dari tabel `user_role`
--

CREATE TABLE `user_role` (
  `id` int(11) NOT NULL,
  `role` varchar(128) NOT NULL
) ENGINE=InnoDB DEFAULT CHARSET=utf8mb4;

--
-- Dumping data untuk tabel `user_role`
--

INSERT INTO `user_role` (`id`, `role`) VALUES
(1, 'administrator'),
(2, 'member');

-- --------------------------------------------------------

--
-- Struktur dari tabel `user_sub_menu`
--

CREATE TABLE `user_sub_menu` (
  `id` int(11) NOT NULL,
  `menu_id` int(11) NOT NULL,
  `title` varchar(128) NOT NULL,
  `url` varchar(128) NOT NULL,
  `icon` varchar(128) NOT NULL,
  `is_active` int(1) NOT NULL
) ENGINE=InnoDB DEFAULT CHARSET=utf8mb4;

--
-- Dumping data untuk tabel `user_sub_menu`
--

INSERT INTO `user_sub_menu` (`id`, `menu_id`, `title`, `url`, `icon`, `is_active`) VALUES
(1, 1, 'Dashboard', 'admin', 'fas fa-fw fa-tachometer-alt', 1),
(3, 2, 'Edit Profile', 'user/edit', 'fas fa-fw fa-user-edit', 1),
(4, 3, 'Menu Manajemen', 'menu', 'fas fa-fw fa-folder', 1),
(5, 3, 'Sub Menu Manajemen', 'menu/submenu', 'fas fa-fw fa-caret-down', 1),
(7, 1, 'Role', 'admin/role', 'fas fa-fw fa-user-tie', 1),
(10, 6, 'UTBK', 'video', 'fas fa-fw fa-video', 0),
(11, 2, 'Jadwal Ku', 'jadwal', 'fas fa-fw fa-calendar', 0),
(12, 1, 'Upload Video ', 'admin/upload_video', 'fas fa-fw fa-upload', 1),
(13, 2, 'Transaksi', 'mabapay/transaksi', 'fas fa-fw fa-wallet', 1),
(14, 6, 'Try Out UTBK', 'ujian_ku', 'fas fa-fw fa-vial', 1),
(15, 2, 'Maba Feed', 'mabafeed', 'fas fa-fw fa-images', 1),
(16, 6, 'Materi Tulis', 'tulis', 'fas fa-fw fa-newspaper', 0),
(17, 1, 'Upload Materi Tulis', 'admin/upload_tulis', 'fas fa-fw fa-file-import', 1),
(18, 1, 'Buat Soal TO', 'ujian_ku/buat', 'fas fa-fw fa-folder-plus', 1),
(19, 2, 'MabaPay', 'mabapay', 'fas fa-fw fa-credit-card', 0),
(21, 1, 'Verifikasi Transaksi', 'admin/transaksi', 'fas fa-fw fa-money-check-alt', 1),
(22, 1, 'Ayo Kas', 'admin/kas', 'fas fa-fw fa-credit-card', 1),
(23, 1, 'Buat Sesi Try Out', 'admin/sesi', 'fas fa-fw fa-vials', 1),
(24, 1, 'Edit Soal TO', 'ujian_ku/edit_soal', 'fas fa-fw fa-edit', 1),
(25, 1, 'Buat Sub Soal TO', 'ujian_ku/buat_sub', 'fas fa-fw fa-edit', 1),
(26, 6, 'Progres Belajar', 'user/progres', 'fas fa-fw fa-chart-line', 1),
(27, 6, 'Rangking', 'user/rangking', 'fas fa-fw fa-chart-bar', 1),
(28, 1, 'Daftar Siswa', 'admin/siswa', 'fas fa-fw fa-user-check', 1),
(29, 2, 'Tutorial Simul CPNS', 'user/tutorial', 'fas fa-fw fa-chalkboard', 1),
(30, 1, 'Hasil Peserta', 'admin/hasil', 'fas fa-fw fa-balance-scale', 1),
(31, 1, 'Daftar Admin', 'admin/admin', 'fas fa-fw fa-user-shield', 1),
(32, 1, 'Setor Soal', 'admin/setorSoal', 'fas fa-fw fa-file-import', 1),
(33, 1, 'Cek Emailku', 'admin/email', 'fas fa-fw fa-inbox', 1),
(34, 1, 'Cek Testimoni ( Kesan )', 'admin/testimoni', 'fas fa-fw fa-battery-three-quarters', 1),
(35, 1, 'Absensi', 'admin/absen', 'fas fa-check-square', 1);

-- --------------------------------------------------------

--
-- Struktur dari tabel `user_token`
--

CREATE TABLE `user_token` (
  `id` int(11) NOT NULL,
  `email` varchar(225) NOT NULL,
  `token` int(225) NOT NULL,
  `date_created` int(11) NOT NULL
) ENGINE=MyISAM DEFAULT CHARSET=latin1;

--
-- Dumping data untuk tabel `user_token`
--

INSERT INTO `user_token` (`id`, `email`, `token`, `date_created`) VALUES
(45, 'silvalentinvallerie@gmail.com', 0, 1600493279),
(44, 'fitriyarahma047@gmail.com', 0, 1600492732),
(43, 'sharondantje@gmail.com', 0, 1600492521),
(42, 'sakuntum1sarihati@gmail.com', 0, 1600491140),
(41, 'josephineabigael@gmail.com', 0, 1600490049),
(40, 'syahrulananta03@gmail.com', 0, 1600489851),
(37, 'nico231737@gmail.com', 0, 1600450816),
(38, 'm.zhafifalghazali@gmail.com', 6, 1600486962),
(36, 'esri250504@gmail.com', 0, 1600448936),
(35, 'mabatutor@gmail.com', 0, 1600423718),
(34, 'nico231737@gmail.com', 0, 1600419391),
(46, 'nataliawidyadhana28@gmail.com', 0, 1600493363),
(47, 'marianataliawidya@gmail.com', 0, 1600493870),
(48, 'natashaaudy22@gmail.com', 0, 1600493940),
(49, 'natashaaudy20@gmail.com', 0, 1600494060),
(50, 'nico231737@gmail.com', 0, 1600494220),
(51, 'ferisasalsabilaputri@gmail.com', 0, 1600497130),
(52, 'ferisasalsabilaputri@gmail.com', 0, 1600497145),
(53, 'trianaretnosari12@gmail.com', 2, 1600497759),
(54, 'Susiramadani2003@gmail.com', 0, 1600499542),
(55, 'yesellrachel@gmail.com', 0, 1600502958),
(56, 'andika.akbar2700@gmail.com', 0, 1600506918),
(57, 'di.syaaana@gmail.com', 0, 1600508885),
(58, 'intanlailaramadhani@gmail.com', 0, 1600516230),
(59, 'lilyanasinaga1@gmail.com', 0, 1600523989),
(60, 'aillayawahyufitriati@gmail.com', 8, 1600527132),
(61, 'warriorhendri@gmail.com', 0, 1600528175),
(62, 'nofitas191@gmail.com', 0, 1600561233),
(63, 'levinawatisofia@gmail.com', 0, 1600568784),
(64, 'hanaamufidah2@gmail.com', 0, 1600574786),
(65, 'ezayuda2001@gmail.com', 7, 1600579359),
(66, 'silvalentinvallerie@gmail.com', 0, 1600579737),
(67, 'silvalentinvallerie@gmail.com', 0, 1600579819),
(68, 'silvalentinvallerie@gmail.com', 0, 1600579875),
(69, 'silvalentinvallerie@gmail.com', 3, 1600579886),
(70, 'anneliesevalerieong@gmail.com', 0, 1600581183),
(71, 'gratiatangkiliaan05@gmail.com', 0, 1600586174),
(72, 'gajahbersin02@gmail.com', 0, 1600594229),
(73, 'febrianadella7@gmail.com', 0, 1600595284),
(74, 'rahilam1202@gmail.com', 0, 1600607307),
(75, 'Keylakembar@gmail.con', 9, 1600609053),
(76, 'miellaocviana@gmail.com', 0, 1600639152),
(77, 'www.habiburrohman000@gmail.com', 0, 1600640275),
(78, 'fitrohtulamaliah620@gmail.com', 9, 1600649949),
(79, 'hrlna218470@gmail.com', 0, 1600650015),
(80, 'tasyadamez36@gmail.com', 0, 1600651423),
(81, 'gutricharla@gmail.com', 0, 1600658750),
(82, 'melindaarinaningtyas39@gmail.com', 0, 1600658962),
(83, 'cornelliaanastasiajunita@gmail.com', 0, 1600660033),
(84, 'iketutoktasetiawan002@gmail.com', 0, 1600661472),
(85, 'raynaldikirito@gmail.com', 0, 1600664689),
(86, 'syahrulaldi23@gmail.com', 8, 1600665138),
(87, 'Keylakembar@gmail.com', 0, 1600665778),
(88, 'afifarahma12@gmail.com', 0, 1600666381),
(89, 'hanafuadihimaa@gmail.com', 0, 1600685750),
(90, 'nelaw15santoso@gmail.com', 0, 1600685949),
(91, 'lbngaolfebrina@gmail.com', 0, 1600693472),
(92, 'eydafrds@gmail.com', 0, 1600705544),
(93, 'Cintaa.h2@gmail.com', 0, 1600733915),
(94, 'abslthnspr@gmail.com', 4, 1600734654),
(95, 'atyfamunaya@gmail.com', 0, 1600741530),
(96, 'jojoharahah@gmail.com', 0, 1600749787),
(97, 'desyadesyasaa@gmail.com', 0, 1600751257),
(98, 'wahyu_dr71@yahoo.com', 0, 1600756882),
(99, 'rosyidachusdanar@gmail.com', 0, 1600779401),
(100, 'rizkinurhasanah1562@gmail.com', 0, 1600794916),
(101, 'atyfamunaya@gmail.com', 0, 1600816277),
(102, 'nadiakhairotun@gmail.com', 0, 1600817670),
(103, 'mauliarahma77@gmail.com', 0, 1600852933),
(104, 'hfa88905@gmail.com', 0, 1600854283),
(105, 'kelvinawow11@gmail.com', 0, 1600860899),
(106, 'faranissacallista@gmail.com', 0, 1600906362),
(107, 'soetionostefani17@gmail.com', 0, 1600963689),
(108, 'raihanalfq@gmail.com', 0, 1600963733),
(109, 'farisakhoirunnisa@gmail.com', 0, 1601015380),
(110, 'mutiaaulya5@gmail.com', 0, 1601017185),
(111, 'shabrinabelva@gmail.com', 0, 1601023337),
(112, 'dhaza00@gmail.com', 7, 1601037297),
(113, 'fathikanhr@gmail.com', 0, 1601040534),
(114, 'faiarsyad5@gmail.com', 0, 1601043400),
(115, 'jelitasiregar7@gmail.com', 0, 1601133460),
(116, 'richansihombing31@gmail.com', 0, 1601180548),
(117, 'nadiamutiaraz260@gmail.com', 0, 1601213290),
(118, 'afifirsadn11@gmail.com', 54, 1601217859),
(119, 'hasnanm210503@gmail.com', 0, 1601218403),
(120, 'amrideza29@gmail.com', 0, 1601218425),
(121, 'setiapurwati10akl2@gmail.com', 0, 1601218702),
(122, 'bryanogya@gmail.com', 0, 1601220754),
(123, 'sherensugihto@gmail.com', 0, 1601223827),
(124, 'refinadiputra55@gmail.cok', 0, 1601251342),
(125, 'refinadiputra55@gmail.com', 0, 1601251493),
(126, 'aisasenta11@gmail.com', 0, 1601302591),
(127, 'saratheresya99@gmail.com', 0, 1601468591),
(128, 'angelyta.dshintarie@gmail.com', 0, 1601780807),
(129, 'rdea86268@gmail.com', 0, 1601795964),
(130, 'ihasyim02@gmail.com', 0, 1602048216),
(131, 'winonasilvy26@gmail.com', 0, 1602052220),
(132, 'Fathur.gm01@gmail.com', 0, 1602052351),
(133, 'tiffanigalis03@gmail.com', 0, 1602053461),
(134, 'sitikotijah1505@gmail.com', 0, 1602054812),
(135, 'kailasyafira3@gmail.com', 0, 1602059153),
(136, 'aisyahsyah51116@gmail.com', 0, 1602060793),
(137, 'iifmusdlolifah@gmail.com', 0, 1602068918),
(138, 'bubura94@gmail.com', 0, 1602069506),
(139, 'Suryajayadiningrat40@gmail.com', 0, 1602073702),
(140, 'abellinozalwapratamaa@gmail.com', 0, 1602074078),
(141, 'louis27402@gmail.com', 2, 1602075209),
(142, 'salsabilaaulia531@gmail.com', 0, 1602092086),
(143, 'anggiputri2222@gmail.com', 5, 1602104960),
(144, 'ekaprayogi01@gmail.com', 0, 1602107564),
(145, 'ferliaindriawatii@gmail.com', 0, 1602108473),
(146, 'nadilacriswara95@gmail.com', 0, 1602111390),
(147, 'erlinyuanita911@gmail.com', 0, 1602112853),
(148, 'rssyafira2@gmail.com', 0, 1602116297),
(149, 'naurakhansa41@gmail.com', 2, 1602128209),
(150, 'katherinnuarta12@gmail.com', 0, 1602129571),
(151, 'marianatio53@gmail.com', 0, 1602139585),
(152, 'elizaputri818@gmail.com', 0, 1602140339),
(153, 'afifahrinidam06@gmail.com', 0, 1602151018),
(154, 'billyjeremia03p1@gmail.com', 0, 1602157499),
(155, 'hani180803@gmail.com', 7, 1602164866),
(156, 'raissamaulida105@gmail.com', 0, 1602168020),
(158, 'elzaalfii25@gmail.com', 0, 1602171754),
(159, 'inayahsiamsiartri411@gmail.com', 0, 1602174262),
(160, 'windrajunior0807@gmail.com', 0, 1602202252),
(161, 'afrizalrizqi02@gmail.com', 0, 1602228650),
(162, 'nanikbilqi567@gmail.com', 0, 1602233485),
(163, 'ramandaputri1310@gmail.com', 0, 1602233956),
(164, 'Dareliadamara@gmail.com', 0, 1602237270),
(165, 'iftinansilviahandayani@gmail.com', 3, 1602238513),
(166, 'taniaamandaoctavia@gmail.com', 0, 1602240075),
(167, 'dheaalfiyahsalsabila243@gmail.com', 0, 1602241814),
(168, 'almirazhafirah9104@gmail.com', 0, 1602248984),
(169, 'firdarachmawati3@gmail.com', 0, 1602249851),
(170, 'audysalsabilla28@gmail.com', 0, 1602255470),
(171, 'Ramaseno10@gmail.com', 0, 1602261770),
(172, 'nramadhani811@gmail.com', 0, 1602266676),
(173, 'iftinandamayraf.653@gmail.com', 8, 1602285939),
(174, 'zydandaseva@gmail.com', 40, 1602286313),
(175, 'vhanuha@gmail.com', 8, 1602289158),
(176, 'dindaayukh6@gmail.com', 0, 1602290753),
(177, 'lindamega9@gmail.com', 2, 1602297828),
(178, 'lindamega9@gmail.com', 0, 1602297858),
(179, 'widyaap2020@gmail.com', 0, 1602297989),
(180, 'lindamega9@gmail.com', 0, 1602298700),
(181, 'lindamega9@gmail.com', 0, 1602298701),
(182, 'alifgans31@gmail.com', 0, 1602299452),
(183, 'putrichanianadya@gmail.com', 6, 1602302154),
(184, 'putrichanianadya@gmail.com', 1, 1602302229),
(185, 'putrichanianadya@gmail.com', 0, 1602302239),
(186, 'zurrahmanfaiz06@gmail.com', 0, 1602303586),
(187, 'nailahalisya87@gmail.com', 0, 1602307562),
(188, 'iirfannya@gmail.com', 0, 1602308232),
(189, 'irfanirfan0332@gmail.com', 1, 1602308961),
(190, 'angelidphitho3001@gmail.com', 0, 1602317307),
(191, 'dindafenesia01@gmail.com', 5, 1602318089),
(192, 'didiboolaa@gmail.com', 0, 1602326186),
(193, 'annisahidayati.aa@gmail.com', 0, 1602326269),
(194, 'tiaramaharani6202@gmail.com', 0, 1602327320),
(195, 'resipramestyaf@gmail.com', 0, 1602330501),
(196, 'marsyapwt12@gmail.com', 5, 1602330969),
(197, 'asiyaskaa@gmail.com', 5, 1602331080),
(198, 'anandhitamaharanid@gmail.con', 41, 1602345551),
(199, 'naurah9h@gmail.com', 0, 1602350623),
(200, 'friskaameliaklambu@gmail.com', 0, 1602371567),
(201, 'ramadhaniaming@gmail.com', 0, 1602373001),
(202, 'primayunita007@gmail.com', 0, 1602373280),
(203, 'kkuntariahlilih@gmail.com', 0, 1602376359),
(204, 'windasartono@gmail.com', 0, 1602376966),
(205, 'nandiarahma67@gmail.com', 0, 1602380022),
(206, 'fajardinanta2003@gmail.com', 0, 1602384335),
(207, 'fathiniazahra9a@gmail.com', 0, 1602392119),
(208, 'lutfira17@gmail.com', 0, 1602393605),
(209, 'herlinaaprilia0403@gmail.com', 0, 1602396745),
(210, 'abiyyu.achmad@gmail.com', 0, 1602404158),
(211, 'farhdiffa3@gmail.com', 0, 1602404616),
(212, 'sabrinaghina2003@gmail.com', 0, 1602408406),
(213, 'manusiabiasaa28@gmail.com', 0, 1602411364),
(214, 'zakiapgnti22@gmail.com', 5, 1602414463),
(215, 'octaviandaarum@gmail.com', 0, 1602415957),
(216, 'dsherly5@gmail.com', 0, 1602426237),
(217, 'atinadiyahfairuz28@gmail.com', 0, 1602428146),
(218, 'amanda.nazua@gmail.com', 9, 1602431726),
(219, 'mlkeyen21@gmail.com', 0, 1602434179),
(220, 'carelinofanky21@gmail.com', 0, 1602434667),
(221, 'pamaliya02@gmail.com', 0, 1602468609),
(222, 'fadhlanash@gmail.com', 9, 1602474341),
(223, 'aldaramadhani40@gmail.com', 0, 1602474836),
(224, 'yuyunrachmawati76@gmail.com', 0, 1602476481),
(225, 'nabachilmi@gmail.com', 0, 1602477546),
(226, 'syifaberlianaa@gmail.com', 0, 1602480038),
(227, 'alfinadian88@gmail.com', 0, 1602480986),
(228, 'alfinadians23@gmail.com', 0, 1602481194),
(229, 'gabrielachristina424@gmail.com', 0, 1602488365),
(230, 'asmi80lim@gmail.com', 0, 1602511466),
(231, 'nn303531@gmail.com', 0, 1602525844),
(232, 'hafidkurniawan14@gmail.com', 0, 1602539699),
(233, 'hanadewi.s28@gmail.com', 0, 1602540549),
(234, 'faisadhlh@gmail.com', 0, 1602541126),
(235, 'fanyafrista@gmail.com', 0, 1602549048),
(236, 'Rahmahamah800@gmail.com', 0, 1602549278),
(237, 'yunitawahyuchy@gmail.com', 0, 1602556903),
(238, 'ayulianti868@gmail.com', 0, 1602558482),
(239, 'pramanik2612@gmail.com', 0, 1602560667),
(240, 'aifa.noor55@gmail.com', 0, 1602561375),
(241, 'aldifirwanto@gmail.com', 0, 1602563043),
(242, 'fadlirama031@gmail.com', 0, 1602563394),
(243, 'adefya24@gmail.com', 0, 1602565613),
(244, 'andika.akbar27@gmail.com', 0, 1602573176),
(245, 'Dewioxi@gmail.com', 0, 1602573489),
(246, 'lefrandifadli@gmail.com', 0, 1602574274),
(247, 'putritheresiaambarita@gmail.com', 0, 1602575093),
(248, 'mirnayswmanjorang@gmail.com', 0, 1602575988),
(249, 'fauziyahoctawayandara02@gmail.com', 0, 1602581293),
(250, 'gracelimbong22@gmail.com', 0, 1602581909),
(251, 'najmakamila671@gmail.com', 0, 1602592831),
(252, 'oktagirsang7@gmail.com', 0, 1602595122),
(253, 'zia.neurinda@gmail.com', 0, 1602603416),
(254, 'zia.neurinda@gmail.com', 0, 1602603492),
(255, 'abaladiffa@gmail.com', 0, 1602606367),
(256, '99squadd@gmail.com', 0, 1602633094),
(257, 'Sintatata63@gmail.com', 5, 1602642654),
(258, 'ridwandarmawan556@gmail.com', 0, 1602646349),
(259, 'tasyadamez36@gmail.com', 0, 1602657436),
(260, 'yanuarroihanmahdy@gmail.com', 0, 1602662559),
(261, 'najmiamalya18@gmail.com', 0, 1602666147),
(262, 'salsabielas20@gmail.com', 0, 1602670511),
(263, 'muhammadfaris2323@gmail.com', 0, 1602686962),
(264, 'mochkhofialyazid@gmail.com', 0, 1602691641),
(265, 'berlianaoura1@gmail.com', 0, 1602699302),
(266, 'yasminpbg2018@gmail.com', 0, 1602707922),
(267, 'intanlailaramadhani@gmail.com', 0, 1602721169),
(268, 'damanhurihidayatullah@gmail.com', 0, 1602735312),
(269, 'nissa212121@gmail.com', 0, 1602735627),
(270, 'fuadzkhanafie212@gmail.com', 0, 1602742469),
(271, 'aelang044@gmail.com', 0, 1602748036),
(272, 'alfianprasetyo84@gmail.com', 2, 1602748282),
(273, 'aldenmryan@gmail.com', 0, 1602765924),
(274, 'pcy.chanyeol992@gmail.com', 0, 1602767464),
(275, 'tianurfitri9m@gmail.com', 0, 1602776634),
(276, 'ismanur303@gmail.com', 0, 1602777672),
(277, 'daffaulayanasrulloh@gmail.com', 0, 1602801030),
(278, 'Anandhitamaharanid@gmail.com', 0, 1602827895),
(279, 'nabilaazti31@gmail.com', 0, 1602829497),
(280, 'nabilaazns31@gmail.com', 2, 1602831115),
(281, 'youragaming26@gmail.com', 0, 1602834881),
(282, 'solihatanti@gmail.com', 0, 1602842177),
(283, 'indahpoe2016@gmail.com', 0, 1602845375),
(284, 'keysashiyanita.ks@gmail.com', 0, 1602849592),
(285, 'valada12lf@gmail.com', 2, 1602853814),
(286, 'fatkhulrohmanhabib@gmail.com', 0, 1602853909),
(287, 'kaptenh257@gmail.com', 0, 1602855812),
(288, 'ardhini2017@gmail.com', 3, 1602857919),
(289, 'srachmandaputri@gmail.com', 0, 1602858359),
(290, 'linaidawahyunii@gmail.com', 3, 1602858380),
(291, 'linaidawahyuniii@gmail.com', 0, 1602858451),
(292, 'firarif17@gmail.com', 0, 1602859086),
(293, 'shabrinakansa293@gmail.com', 0, 1602860997),
(294, 'shabrinakansa11@gmail.com', 0, 1602861082),
(295, 'fadillahaprilia611@gmail.com', 0, 1602879702),
(296, 'daffaakifahbalqis01@gmail.com', 8, 1602886367),
(297, 'peristamayaindira@gmail.com', 88, 1602903330),
(298, 'andhikawilda123@gmail.com', 0, 1602908557),
(299, 'lydianapitu@gmail.com', 0, 1602916760),
(300, 'kevintogar526@gmail.com', 0, 1602920517),
(301, 'ctangdilintin@gmail.com', 0, 1602921460),
(302, 'rakarahadian36@gmail.com', 0, 1602923955),
(303, 'laelanf22@gmail.com', 0, 1602927287),
(304, 'adindayudha54@gmail.com', 0, 1602931383),
(305, 'meiyantisimbolon16@gmail.com', 0, 1602933773),
(306, 'iyyamaria21@gmail.com', 0, 1602934989),
(307, 'divaanoviyantii@gmail.com', 2, 1602938676),
(308, 'NATANIAPRAMUDITA123@GMAIL.COM', 0, 1602938783),
(309, 'shelli02112002@gmail.com', 0, 1602938800),
(310, 'ditanoviyantii10@gmail.com', 0, 1602938888),
(311, 'hanaamufidah2@gmail.com', 0, 1602946089),
(312, 'divanisfu@gmail.com', 0, 1602946268),
(313, 'yuniharun22@gmail.com', 2, 1602957917),
(314, 'betamaipkl@gmail.com', 0, 1602969047),
(315, 'erlinyuanita34@gmail.com', 0, 1603002292),
(316, 'zelviirma8@gmail.com', 0, 1603011444),
(317, 'deaanggraeny02@gmail.com', 0, 1603012444),
(318, 'rida.17rida52@gmail.com', 0, 1603017360),
(319, 'indahkarisma38@gmail.com', 0, 1603046907),
(320, 'nengaini238@gmail.com', 0, 1603066309),
(321, 'syifanimatulmaula166@gmail.com', 0, 1603093784),
(322, 'imassantinah@gmail.com', 0, 1603201913),
(323, 'onamimskii@gmail.com', 2, 1603228814),
(324, 'kharismaelsyardianti17@gmail.com', 0, 1603357445),
(325, 'mariodwik@gmail.com', 0, 1603372293),
(326, 'annisafatikha02@gmail.com', 0, 1603442993),
(327, 'tyaaalarasati22@gmail.com', 0, 1604036414),
(328, 'nico231737@gmail.com', 0, 1604307354),
(329, 'yasmin.alviani.3116@gmail.com', 0, 1604327588),
(330, 'afina.kusumadewi@gmail.com', 0, 1604463744),
(331, 'laraseka2002@gmail.com', 0, 1604465241),
(332, 'kittymiaw995@gmail.con', 0, 1604468194),
(333, 'havis.hc45@gmail.com', 0, 1604468731),
(334, 'ichaassan06@gmail.com', 0, 1604469604),
(335, 'sashamaniez31@gmail.com', 0, 1604469963),
(336, 'geraldinivana@gmail.com', 0, 1604470325),
(337, 'inayaainun22@gmail.com', 0, 1604472567),
(338, 'Khodizahmariam@gmail.com', 7, 1604473462),
(339, 'adiprizaldi@gmail.com', 0, 1604473858),
(340, 'dwiwulandari2303@gmail.com', 0, 1604474425),
(341, 'mzulfikar148@gmail.com', 0, 1604475821),
(342, 'Brig.yuli03@gmail.com', 0, 1604477973),
(343, 'adindaayurenata17@gmail.com', 0, 1604478863),
(344, 'jennihung02@gmail.com', 0, 1604479240),
(345, 'qurrotulainiyah9b22.sooko1@gmail.com', 3, 1604486318),
(346, 'hibarbuana04@gmail.com', 0, 1604486793),
(347, 'ahmadzein656@gmail.com', 0, 1604487229),
(348, 'iraviptambunan@gmail.com', 0, 1604488166),
(349, 'mutiarasiagian12@gmail.com', 0, 1604491259),
(350, 'mutiarasiagian16@gmail.com', 0, 1604491348),
(351, 'safirarisqi6@gmail.com', 0, 1604492468),
(352, 'nrfajriyah080603@gmail.com', 0, 1604492778),
(353, 'Fujiadeliana20@gmail.com', 0, 1604495067),
(354, 'rayhansafito6@gmail.com', 0, 1604495826),
(355, 'adithandaru34@gmail.com', 0, 1604497106),
(356, 'ivanfatoni6@gmail.com', 0, 1604497550),
(357, 'natasyarechan@gmail.com', 0, 1604499302),
(358, 'kemal.imang@gmail.com', 0, 1604501477),
(359, 'dnurilla08@gmail.com', 4, 1604501729),
(360, 'ranatifasyahmitha782@gmail.com', 0, 1604502284),
(361, 'dailymalaam@gmail.com', 0, 1604505972),
(362, 'apriliadini1204@gmail.com', 0, 1604510259),
(363, 'robertlimz077@gmail.com', 0, 1604510487),
(364, 'shafiraapsyii@gmail.com', 0, 1604511481),
(365, 'bellasemith1993@gmail.com', 0, 1604517144),
(366, 'nabilla.haniffah@gmail.com', 0, 1604525427),
(367, 'galuhwandaekp@gmail.com', 0, 1604533945),
(368, 'ikkapratiwi33@gmail.com', 0, 1604536578),
(369, 'anurfadilla26@gmail.com', 0, 1604536962),
(370, 'yhakini.id@gmail.com', 0, 1604537030),
(371, 'nuradita06@gmail.com', 0, 1604538444),
(372, 'Salsaolivia63@gmail.com', 0, 1604539823),
(373, 'yusmac16@gmail.com', 0, 1604540284),
(374, 'meififa25@gmail.com', 0, 1604540814),
(375, 'f.alifia08@gmail.com', 0, 1604541320),
(376, 'alwigra2@gmail.com', 0, 1604542158),
(377, 'Farhanahmaulinda30@gmail.com', 0, 1604544096),
(378, 'Salsabilaaja771@gmail.com', 0, 1604544188),
(379, 'vanninurfasya@gmail.com', 0, 1604549232),
(380, 'adelliaarnt@gmail.com', 0, 1604554532),
(381, 'wewgu123@gmail.com', 6, 1604557313),
(382, 'Randi@Randi.com', 0, 1604557318),
(383, 'Randi@Randi.com', 0, 1604557353),
(384, 'vimenom347@jqjlb.com', 0, 1604557488),
(385, 'gugeldrive23@gmail.com', 0, 1604558002),
(386, 'silmik28@gmail.com', 0, 1604562372),
(387, 'fajarrivaldi2015@gmail.com', 0, 1604562453),
(388, 'syafiqsekolah@gmail.com', 0, 1604563712),
(389, 'novasitij28@gmail.com', 0, 1604565702),
(390, 'nvsj28@gmail.com', 0, 1604565904),
(391, 'niaastepa@gmail.com', 0, 1604569442),
(392, 'niaastepa@gmail.com', 0, 1604569539),
(393, 'Bellapuspitass11@gmail.com', 0, 1604570955),
(394, 'kittymiaw995@gmail.com', 0, 1604580619),
(395, 'andilazarfinal@gmail.com', 0, 1604595744),
(396, 'elizabethaprilia1@gmail.com', 0, 1604619460),
(397, 'wahyuryan.316@gmail.com', 4, 1604626118),
(398, 'nisrina.mahdiya@sman4sukabumi.com', 0, 1604626515),
(399, 'graciataraaa@gmail.com', 0, 1604627137),
(400, 'Aambisaku@gmail.com', 0, 1604627644),
(401, 'endanglasmanatalias12@gmail.com', 7, 1604631840),
(402, 'gabbynatasya3@gmail.com', 0, 1604637354),
(403, 'gabbynatasya@gmail.com', 7, 1604637469),
(404, 'sellysafitrimaharani@gmail.com', 6, 1604640195),
(405, 'hanindyo19@gmail.com', 0, 1604653170),
(406, 'reztiatariskawindy@gmail.com', 0, 1604655889),
(407, 'anggitacahyaningtyas6@gmail.com', 0, 1604657252),
(408, 'aprilian642@gmail.com', 0, 1604665979),
(409, 'dewi020703@gmail.com', 0, 1604676571),
(410, 'marfaaudilla19@gmail.com', 0, 1604692176),
(411, 'riskatamba05@gmail.com', 0, 1604707765),
(412, 'anandarhm17@gmail.com', 0, 1604718429),
(413, 'dhiyaaamalia02@gmail.com', 0, 1604721464),
(414, 'farhans4777@gmail.com', 0, 1604723791),
(415, 'gadisk17@gmail.com', 0, 1604728384),
(416, 'muhammadabihanif@gmail.com', 0, 1604728472),
(417, 'fangkyfatur@gmail.com', 0, 1604728501),
(418, 'salammuhammadfarhan@gmail.com', 4, 1604729022),
(419, 'rizqameliza@gmail.com', 0, 1604729900),
(420, 'asriputri125@gmail.com', 68, 1604738515),
(421, 'kilamora18@gmail.com', 0, 1604739073),
(422, 'atikahmarhamah@gmail.com', 0, 1604739923),
(423, 'yunirahma369@gmail.com', 4, 1604742187),
(424, 'Yunirahma369@gmail.com', 0, 1604742273),
(425, 'Yunirahma369@gmail.com', 0, 1604742274),
(426, 'Ardilla4433@gmail.com', 6, 1604742834),
(427, 'arifkabrilliana12@gmail.com', 7, 1604743146),
(428, 'yessanetha@gmail.com', 32, 1604745323),
(429, 'difaak15@gmail.com', 0, 1604749936),
(430, 'alfaameisa@gmail.com', 0, 1604751531),
(431, 'farikah14@gmail.com', 0, 1604752229),
(432, 'deviani2602@gmail.com', 0, 1604758584),
(433, 'levinaabidha@gmail.com', 2, 1604759058),
(434, 'akusayangkamu4523@gmail.com', 0, 1604761419),
(435, 'steffanydilent777@gmail.com', 0, 1604762851),
(436, 'nurk85096@gmail.com', 0, 1604763371),
(437, 'irfanmutaqin0670@gmail.com', 0, 1604765998),
(438, 'irfanmutaqin0670@gmail.com', 0, 1604766023),
(439, 'ariefsamosir040403@gmail.com', 0, 1604773566),
(440, 'Rinkitaka15@gmail.com', 0, 1604785585),
(441, 'khrisna120703@gmail.com', 0, 1604797549),
(442, 'awwekersejen@gmail.com', 0, 1604797587),
(443, 'yasminarumsari@gmail.com', 0, 1604797779),
(444, 'ranaseptia28@gmail.com', 0, 1604802873),
(445, 'raihan080903@gmail.com', 0, 1604805556),
(446, 'aryar4807@gmail.com', 0, 1604805706),
(447, 'tradesya@gmail.com', 9, 1604815895),
(448, 'tradesya@gmail.com', 0, 1604815974),
(449, 'tradesya@gmail.com', 9, 1604816077),
(450, 'evitahardiyanti6@gmail.com', 0, 1604818469),
(451, 'infodcc.21@gmail.com', 0, 1604819620),
(452, 'winahesti41@gmail.com', 0, 1604829450),
(453, 'andiriskaamalia00@gmail.com', 0, 1604830159),
(454, 'marlinaekaputri40@gmail.com', 0, 1604834157),
(455, 'revitanurshafira2016@gmail.com', 0, 1604839741),
(456, 'timothy.marpaung.gerald@gmail.com', 6, 1604849603),
(457, 'taniaaurel@icloud.com', 0, 1604851567),
(458, 'anggrainia017@gmail.com', 0, 1604855292),
(459, 'silvialativah05@gmail.com', 6, 1604865228),
(460, 'nazwathoriqul.j@gmail.com', 0, 1604881359),
(461, 'haura30an@gmail.com', 0, 1604888323),
(462, 'sofira414@gmail.com', 0, 1604888353),
(463, 'haura30an@gmail.com', 0, 1604888387),
(464, 'Nabila1427143@gmail.com', 0, 1604895588),
(465, 'rindaagustina858@gmail.com', 0, 1604895678),
(466, 'bsinta593@gmail.com', 16, 1604897319),
(467, 'ciciliaafrilia19@gmail.com', 65, 1604901624),
(468, 'faizalhafizi82@gmail.com', 0, 1604905478),
(469, 'nurmalasari.ineke18@gmail.com', 3, 1604908169),
(470, 'ariqpangestu@gmail.com', 954, 1604908926),
(471, 'dffpro7@gmail.con', 0, 1604913743),
(472, 'kemeeexd@gmail.com', 0, 1604914397),
(473, 'winarisyamobile@gmail.com', 0, 1604966394),
(474, 'devonyang555@gmail.com', 0, 1604982738),
(475, 'devonyang@gmail.com', 0, 1604982770),
(476, 'yeremicavin@gmail.com', 5, 1604989095),
(477, 'adeline.yolanda04@gmail.com', 0, 1604995352),
(478, 'farhanst777@gmail.com', 0, 1605002536),
(479, 'kanianazwa04@gmail.com', 0, 1605010163),
(480, 'mrindrajuliansyahputra10@gmail.com', 2, 1605015635),
(481, 'alinjulian28@gmail.com', 0, 1605017773),
(482, 'dinda.dindaayu2001@gmail.com', 7, 1605049132),
(483, 'ericavindi.18@gmail.com', 0, 1605049672),
(484, 'husnulkhotimahk88@gmail.com', 0, 1605054364),
(485, 'ginaaginul@gmail.com', 0, 1605064415),
(486, 'Lthfie18@gmail.com', 0, 1605066928),
(487, 'ikhsanyoga158@gmail.com', 0, 1605067169),
(488, 'hanifainiyyah@gmail.com', 0, 1605068931),
(489, 'raishahumairaa24@gmail.com', 0, 1605071800),
(490, 'safirazahrani29@gmail.com', 4, 1605073023),
(491, 'shafira912104@gmail.com', 0, 1605073174),
(492, 'kikirizkyr11@gmail.com', 0, 1605079283),
(493, 'zadlin99@gmail.com', 7, 1605081836),
(494, 'ichakherilinasaputri@gmail.com', 0, 1605083232),
(495, 'Asihprayitno80@gmail.com', 0, 1605085622),
(496, 'Asihummukembar@gmail.com', 0, 1605087082),
(497, 'nico231737@gmail.com', 0, 1605093054),
(498, 'nico231737@gmail.com', 74, 1605093144),
(499, 'kuzeaiko23@gmail.com', 0, 1605095686),
(500, 'lalalalilili698@gmail.com', 0, 1605097047),
(501, 'yaniindri2003@gmail.com', 0, 1605102947),
(502, 'amalyaraa@gmail.com', 0, 1605104753),
(503, 'sabilarizqiyanti24@gmail.com', 0, 1605106868),
(504, 'mabauiakuntan2021@gmail.com', 0, 1605107128),
(505, 'ria160403@gmail.com', 0, 1605108260),
(506, 'deagultom7@gmail.com', 0, 1605109288),
(507, 'Cintaa.h2@gmail.com', 0, 1605110209),
(508, 'Cintaa.h2@gmail.com', 0, 1605110227),
(509, 'ninaindriy244@gmail.com', 6, 1605112287),
(510, 'Putrisihombing.lubukpakam@gmail.com', 0, 1605112909),
(511, 'alfamarshanda@gmail.com', 0, 1605148636),
(512, 'kisyadiyusuf@gmail.com', 0, 1605166144),
(513, 'triyaindah15@gmail.com', 0, 1605192979),
(514, 'rimanovaria6@gmail.com', 0, 1605208913),
(515, 'himpaudiponcol0@gmail.com', 98, 1605235353),
(516, 'wastaprimazai@gmail.com', 0, 1605247989),
(517, 'elifes002@gmail.com', 0, 1605550705),
(518, 'Rizalmulyadi664@gmail.com', 0, 1605595467),
(519, 'azabkuburmu@gmail.com', 0, 1605596101),
(520, 'labs.nurilumam@gmail.com', 0, 1605610456),
(521, 'kardusruslan@gmail.com', 0, 1605633204),
(522, 'iqlal@tuta.io', 0, 1605742863),
(523, 'sf@f.w', 5, 1605769363),
(524, 'w@m.a', 82, 1605769394),
(525, 'w@m.a', 0, 1605769416),
(526, 'q@q.q', 0, 1605769442),
(527, 'ahmadzf008@gmail.com', 0, 1605778457),
(528, 'kardusruslan@gmail.com', 0, 1605869389),
(529, 'test@cuvox.de', 0, 1605965066),
(530, 'ruslan@mail.com', 0, 1605982638),
(531, 'ruralrefinedcom@gmail.com', 0, 1606122190),
(532, 'cyndielfridabrsinaga@gmail.com', 4, 1606259190),
(533, 'hafizmaster33@gmail.com', 7, 1606548438),
(534, 'putrisihombing.lubukpakam@gmail.com', 3, 1606552695),
(535, 'rizkiarabi47@gmail.com', 3, 1606572956),
(536, 'fjrrkrnia@gmail.com', 0, 1606779827),
(537, 'marfinohamzah455@gmail.com', 0, 1606872109),
(538, 'mhdryan46@gmail.com', 0, 1606981191),
(539, 'mlakdjja@moli.com', 0, 1607007087),
(540, 'zakariadamasaputra@gmail.com', 0, 1607431631),
(541, 'citraauliaokta@gmail.com', 0, 1607901422),
(542, 'laylafadhlillahhasyim30@gmail.com', 10000, 1608266154),
(543, 'syahrulsaja1@gmail.com', 0, 1608273295),
(544, 'shalsabilak.is@gmail.com', 7, 1608275126),
(545, 'nananuwu70@gmail.com', 0, 1608278100),
(546, 'ditaandiani43@gmail.com', 3, 1608295865),
(547, 'ditaandianiiii@gmail.com', 0, 1608295944),
(548, 'dindaistrinyaexol1485@gmail.com', 3, 1608301758),
(549, 'niningnirmala0710@gmail.com', 6, 1608303351),
(550, 'snlizaah@gmail.com', 0, 1608308947),
(551, 'thalithakiarazada25@gmail.com', 0, 1608310698),
(552, 'kiara08@gmail.com', 0, 1608310822),
(553, 'selifatikaa14@gmail.com', 0, 1608351322),
(554, 'malikazn23@gmail.com', 9, 1608367167),
(555, 'mathilda.here@gmail.com', 7, 1608374019),
(556, 'mathilda.here@gmail.com', 0, 1608374044),
(557, 'mathilda1033@gmail.com', 0, 1608374155),
(558, 'shafiyyahal22@gmail.com', 0, 1608375876),
(559, 'shafiyyahal22@gmail.com', 0, 1608375982),
(560, 'm.maulayaelhaq@gmail.com', 0, 1608435880),
(561, 'putriauliarizky10@gmail.com', 0, 1608465477),
(562, 'coolenzgirl@gmail.com', 0, 1608475697),
(563, 'jihanflov@gmail.com', 0, 1608507214),
(564, 'rizkyauliyaa19.9@gmail.com', 0, 1608563147),
(565, 'pratama04antonio@gmail.com', 0, 1608582880),
(566, 'dvianggita@gmail.com', 0, 1608627428),
(567, 'anandiko.savieros.sujanto@gmail.com', 0, 1608637110),
(568, 'azisabd541@gmail.com', 0, 1608652601),
(569, 'ginaalifia1102@gmail.com', 0, 1608685124),
(570, 'fmina034@gmail.com', 0, 1608690345),
(571, 'dinifatihatussofi@gmail.com', 0, 1608727850),
(572, 'dila.adelia92@gmail.com', 0, 1608728509),
(573, 'jhoprapakpahan@gmail.com', 0, 1608770122),
(574, 'revindaaradea456@gmail.com', 0, 1608858441),
(575, 'savirarahmaazizah@gmail.com', 0, 1608908628),
(576, 'aura.leksia@gmail.com', 0, 1608933815),
(577, 'nabilanisrina93@gmail.com', 0, 1609026334),
(578, 'sylvams55@gmail.com', 2, 1609027884),
(579, 'regariansyah9@gmail.com', 0, 1609035576),
(580, 'azariarahmanadhifa@gmail.com', 0, 1609038135),
(581, 'pricillaigs@gmail.com', 0, 1609042141),
(582, 'dfarisky@gmail.com', 0, 1609043374),
(583, 'sindosin3@gmail.com', 0, 1609044142),
(584, 'rianovianifanysari.rnis@gmail.com', 0, 1609054531),
(585, 'ammarlamonantio@gmail.com', 0, 1609127871),
(586, 'marisatashasabrina@gmail.com', 0, 1609140433),
(587, 'vitanozaaa@gmail.com', 0, 1609147951),
(588, 'salsadillakjd21@gmail.com', 0, 1609231877),
(589, 'cuantikimoetz@gmail.com', 0, 1609235299);

--
-- Indexes for dumped tables
--

--
-- Indeks untuk tabel `kategori`
--
ALTER TABLE `kategori`
  ADD PRIMARY KEY (`id`);

--
-- Indeks untuk tabel `produk`
--
ALTER TABLE `produk`
  ADD PRIMARY KEY (`id_produk`);

--
-- AUTO_INCREMENT untuk tabel yang dibuang
--

--
-- AUTO_INCREMENT untuk tabel `kategori`
--
ALTER TABLE `kategori`
  MODIFY `id` int(11) NOT NULL AUTO_INCREMENT, AUTO_INCREMENT=3;

--
-- AUTO_INCREMENT untuk tabel `produk`
--
ALTER TABLE `produk`
  MODIFY `id_produk` int(11) NOT NULL AUTO_INCREMENT, AUTO_INCREMENT=7;
COMMIT;

/*!40101 SET CHARACTER_SET_CLIENT=@OLD_CHARACTER_SET_CLIENT */;
/*!40101 SET CHARACTER_SET_RESULTS=@OLD_CHARACTER_SET_RESULTS */;
/*!40101 SET COLLATION_CONNECTION=@OLD_COLLATION_CONNECTION */;
